id	dmel	dana	dvir	dpse	dsec	dwil	dper	dyak	dsim	dere	dgri	dmoj
cluster_1	4	4	4	4	4	4	4	4	4	4	3	4
cluster_2	6	6	6	6	6	6	6	6	6	6	6	6
cluster_3	1	1	1	1	1	1	1	1	1	1	1	1
cluster_4	3	3	3	3	3	2	2	3	2	2	2	2
cluster_5	12	12	12	12	12	10	10	12	12	12	10	10
cluster_6	15	14	14	13	13	12	11	13	14	13	10	11
cluster_7	1	1	1	1	1	1	1	1	1	1	1	1
cluster_8	5	5	5	5	5	5	5	5	5	5	5	5
cluster_9	19	18	18	18	18	18	18	18	18	18	15	16
cluster_10	4	4	4	4	4	4	4	4	4	4	4	4
cluster_11	7	7	7	7	7	7	7	7	7	7	7	7
cluster_12	6	6	6	6	6	6	6	6	6	6	6	4
cluster_13	5	5	5	5	5	5	5	5	5	5	5	5
cluster_14	10	8	8	8	8	8	8	8	8	8	8	8
cluster_15	17	17	17	17	17	17	17	17	17	17	17	17
cluster_16	10	10	10	10	10	10	10	10	10	10	10	10
cluster_17	7	6	6	6	6	5	4	6	6	5	4	4
cluster_18	7	7	7	7	7	7	7	7	6	7	3	3
cluster_19	9	9	9	9	9	9	9	9	9	9	9	9
cluster_20	5	5	5	5	5	5	5	5	5	5	5	5
cluster_21	3	3	3	3	3	3	3	3	3	3	3	3
cluster_22	1	1	1	1	1	1	1	1	1	1	1	1
cluster_23	3	3	3	3	3	3	3	3	3	3	3	3
cluster_24	5	5	5	5	5	5	5	5	5	5	4	4
cluster_25	22	22	22	22	22	21	21	22	22	22	21	21
cluster_26	5	5	5	5	5	5	5	5	5	5	4	4
cluster_27	4	4	4	3	3	3	3	3	3	4	3	3
cluster_28	3	3	3	3	3	3	3	3	3	3	3	3
cluster_29	4	4	4	4	4	4	4	4	4	4	4	4
cluster_30	6	6	6	6	6	6	6	6	6	6	6	6
cluster_31	3	3	3	3	3	3	3	3	3	3	3	3
cluster_32	1	1	1	1	1	1	1	1	1	1	1	1
cluster_33	4	4	4	4	4	4	4	4	4	4	4	4
cluster_34	5	5	5	5	5	5	5	5	5	5	4	4
cluster_35	18	18	18	18	18	18	18	18	18	18	17	18
cluster_36	4	4	4	4	4	4	4	4	4	4	4	3
cluster_37	6	5	5	5	5	5	4	5	5	5	4	2
cluster_38	1	1	1	1	1	1	1	1	1	1	1	1
cluster_39	5	5	5	5	5	5	5	5	5	5	5	5
cluster_40	1	1	1	1	1	1	1	1	1	1	1	1
cluster_41	3	3	3	3	3	3	3	3	3	3	3	3
cluster_42	3	3	3	3	3	3	3	3	3	3	3	3
cluster_43	3	3	3	3	3	3	3	3	3	3	3	3
cluster_44	2	2	2	2	2	2	2	2	2	2	2	2
cluster_45	2	2	2	2	2	2	2	2	2	2	2	2
cluster_46	7	6	6	6	6	4	4	6	6	6	4	4
cluster_47	4	4	4	4	4	4	4	4	4	4	4	4
cluster_48	10	10	10	10	10	10	10	10	10	10	10	10
cluster_49	6	6	6	6	6	6	6	6	6	6	5	5
cluster_50	4	4	4	4	4	4	4	4	4	4	3	3
cluster_51	3	3	3	3	3	3	3	3	3	3	3	3
cluster_52	2	2	2	2	2	2	2	2	2	2	2	2
cluster_53	3	3	3	3	3	3	3	3	3	3	3	3
cluster_54	4	4	4	4	4	4	4	4	4	4	3	3
cluster_55	45	45	45	45	44	43	42	45	44	43	40	39
cluster_56	10	10	10	10	10	10	10	10	10	10	10	10
cluster_57	1	1	1	1	1	1	1	1	1	1	1	1
cluster_58	6	6	6	6	6	6	6	6	6	6	6	6
cluster_59	3	3	3	3	3	3	3	3	3	3	3	3
cluster_60	1	1	1	1	1	1	1	1	1	1	1	1
cluster_61	51	51	51	51	50	49	48	51	50	51	44	43
cluster_62	4	4	4	4	4	4	4	4	4	4	4	4
cluster_63	1	1	1	1	1	1	1	1	1	1	1	1
cluster_64	2	2	2	2	2	2	2	2	2	2	2	2
cluster_65	4	4	4	4	4	4	4	4	4	4	4	4
cluster_66	3	3	3	3	3	3	3	3	3	2	3	3
cluster_67	3	3	3	3	3	3	3	3	3	3	3	3
cluster_68	4	4	4	4	4	4	4	4	4	4	4	4
cluster_69	5	5	5	5	5	5	5	5	5	5	5	5
cluster_70	3	3	3	3	3	3	3	3	3	3	3	3
cluster_71	8	8	8	8	8	8	8	8	8	8	8	8
cluster_72	8	8	8	8	8	8	8	8	8	8	7	7
cluster_73	1	1	1	1	1	1	1	1	1	1	1	1
cluster_74	9	9	9	9	9	9	9	9	9	9	9	9
cluster_75	4	4	4	4	4	4	4	4	4	4	4	4
cluster_76	3	3	3	3	3	3	3	3	3	3	3	3
cluster_77	13	12	12	12	12	11	9	12	12	12	8	8
cluster_78	33	32	31	31	31	31	30	32	31	31	29	30
cluster_79	3	3	3	3	3	3	3	3	3	3	3	3
cluster_80	1	1	1	1	1	1	1	1	1	1	1	1
cluster_81	4	4	4	4	4	4	4	4	4	4	4	4
cluster_82	9	8	8	8	8	8	7	8	8	8	6	6
cluster_83	5	5	5	5	5	5	5	5	5	5	5	5
cluster_84	1	1	1	1	1	1	1	1	1	1	1	1
cluster_85	3	3	3	3	3	3	3	3	3	3	3	3
cluster_86	4	4	4	4	4	4	4	4	4	4	3	3
cluster_87	3	3	3	3	3	3	3	3	3	3	3	3
cluster_88	22	22	22	22	22	22	22	22	22	22	21	21
cluster_89	1	1	1	1	1	1	1	1	1	1	1	1
cluster_90	1	1	1	1	1	1	1	1	1	1	1	1
cluster_91	26	26	26	26	26	26	26	26	26	26	22	20
cluster_92	4	4	4	4	4	4	4	4	4	4	4	4
cluster_93	4	4	4	4	4	4	4	4	4	4	4	4
cluster_94	15	14	14	14	14	14	13	14	14	14	12	12
cluster_95	8	8	8	8	8	8	8	8	8	8	8	8
cluster_96	4	4	4	4	4	4	4	4	4	4	4	4
cluster_97	1	1	1	1	1	1	1	1	1	1	1	1
cluster_98	3	3	3	3	3	3	3	3	3	3	3	3
cluster_99	8	8	8	8	8	8	8	8	8	8	8	7
cluster_100	1	1	1	1	1	1	1	1	1	1	1	1
cluster_101	26	26	26	26	26	26	26	26	26	26	26	26
cluster_102	4	4	4	4	4	4	4	4	4	4	4	4
cluster_103	6	6	6	6	6	6	6	6	6	6	5	6
cluster_104	1	1	1	1	1	1	1	1	1	1	1	1
cluster_105	2	2	2	2	2	2	2	2	2	2	2	2
cluster_106	2	2	2	2	2	2	2	2	2	2	2	2
cluster_107	10	10	10	10	10	9	9	10	10	10	9	9
cluster_108	2	2	2	2	2	2	2	2	2	2	2	2
cluster_109	10	10	10	10	10	10	10	10	10	10	9	9
cluster_110	1	1	1	1	1	1	1	1	1	1	1	1
cluster_111	3	3	3	3	3	3	3	3	3	3	3	3
cluster_112	11	11	11	11	11	11	11	11	11	11	10	11
cluster_113	10	9	9	9	9	9	9	9	9	9	9	9
cluster_114	2	2	2	2	2	2	2	2	2	2	2	2
cluster_115	3	3	3	3	3	3	3	3	3	3	3	3
cluster_116	4	4	4	4	4	4	4	4	4	4	4	4
cluster_117	120	118	118	116	116	114	114	118	116	118	96	98
cluster_118	12	12	12	11	11	11	11	12	11	12	11	11
cluster_119	42	42	42	42	42	40	38	42	42	40	34	36
cluster_120	49	46	46	46	46	45	45	46	46	45	42	43
cluster_121	2	2	2	2	2	2	2	2	2	2	2	2
cluster_122	7	7	7	7	7	7	5	7	7	7	5	5
cluster_123	7	7	7	7	7	7	7	7	7	7	6	6
cluster_124	1	1	1	1	1	1	1	1	1	1	1	1
cluster_125	11	11	11	11	11	11	11	11	11	11	11	11
cluster_126	4	4	4	4	4	4	4	4	4	4	3	4
cluster_127	13	13	13	13	13	13	13	13	13	13	13	13
cluster_128	2	2	2	2	2	2	2	2	2	2	2	2
cluster_129	8	8	8	8	8	8	8	8	8	8	8	8
cluster_130	12	9	9	9	9	9	9	9	9	9	9	9
cluster_131	3	3	3	3	3	3	3	3	3	3	3	3
cluster_132	5	5	5	5	5	5	5	5	5	5	5	5
cluster_133	1	1	1	1	1	1	1	1	1	1	1	1
cluster_134	2	2	2	2	2	2	2	2	2	2	2	2
cluster_135	3	2	2	2	2	2	2	2	2	2	2	2
cluster_136	2	2	2	2	2	2	2	2	2	2	2	2
cluster_137	2	2	2	2	2	2	2	2	2	2	2	2
cluster_138	11	11	11	11	11	11	11	11	11	11	10	10
cluster_139	9	9	9	9	9	9	9	9	9	9	8	8
cluster_140	11	11	11	11	11	11	10	11	11	11	8	8
cluster_141	17	17	17	17	17	17	17	17	17	17	17	17
cluster_142	1	1	1	1	1	1	1	1	1	1	1	1
cluster_143	1	1	1	1	1	1	1	1	1	1	1	1
cluster_144	7	7	7	7	7	7	7	7	7	7	7	7
cluster_145	42	42	42	41	42	41	40	41	41	42	40	40
cluster_146	2	2	2	2	2	2	2	2	2	2	2	2
cluster_147	17	17	17	17	17	17	17	17	17	17	17	17
cluster_148	3	3	3	3	3	3	3	3	3	3	3	3
cluster_149	19	19	19	19	19	19	19	19	19	19	18	18
cluster_150	3	3	3	3	3	3	3	3	3	3	2	3
cluster_151	5	5	5	4	4	4	4	4	4	5	4	4
cluster_152	1	1	1	1	1	1	1	1	1	1	1	1
cluster_153	2	2	2	2	2	2	2	2	2	2	1	2
cluster_154	6	6	6	6	6	6	6	6	6	6	6	6
cluster_155	11	11	11	11	11	11	11	11	11	11	11	11
cluster_156	23	23	23	23	23	23	23	23	23	23	20	19
cluster_157	10	10	10	10	10	10	10	10	10	10	10	10
cluster_158	2	2	2	2	2	2	2	2	2	2	2	2
cluster_159	13	13	13	13	13	13	13	13	13	13	13	13
cluster_160	2	2	2	2	2	2	2	2	2	2	2	2
cluster_161	2	2	2	2	2	2	2	2	2	2	2	2
cluster_162	2	2	2	2	2	2	2	2	2	2	2	2
cluster_163	10	10	10	10	10	10	10	10	10	10	10	10
cluster_164	32	32	32	31	31	30	30	32	31	32	28	28
cluster_165	10	10	10	10	10	10	10	10	10	10	10	10
cluster_166	17	15	15	15	15	14	14	15	15	15	13	12
cluster_167	3	3	3	3	3	3	3	3	3	3	3	3
cluster_168	4	4	4	4	4	4	4	4	4	4	4	4
cluster_169	2	2	2	2	2	2	2	2	2	2	2	2
cluster_170	4	4	4	4	4	4	4	4	4	4	4	4
cluster_171	12	12	12	12	12	12	8	12	12	12	4	6
cluster_172	2	2	2	2	2	2	2	2	2	2	2	2
cluster_173	11	10	10	10	10	10	10	10	10	10	10	10
cluster_174	1	1	1	1	1	1	1	1	1	1	1	1
cluster_175	4	4	4	4	4	4	4	4	4	4	4	4
cluster_176	2	2	2	2	2	1	1	2	2	2	1	1
cluster_177	5	5	5	5	5	5	5	5	5	5	4	5
cluster_178	15	14	14	14	14	13	13	14	14	13	13	13
cluster_179	7	7	7	7	7	7	7	7	7	6	6	7
cluster_180	3	3	3	3	3	3	3	3	3	3	3	3
cluster_181	6	6	6	6	6	6	6	6	6	6	6	5
cluster_182	18	18	18	18	18	18	18	18	18	18	18	18
cluster_183	10	9	9	9	9	9	9	9	9	9	9	9
cluster_184	3	3	3	3	3	3	3	3	3	3	3	3
cluster_185	5	5	5	5	5	5	5	5	5	5	5	5
cluster_186	22	22	22	22	22	22	22	22	22	22	21	22
cluster_187	3	3	3	3	3	3	3	3	3	3	3	3
cluster_188	4	4	4	4	4	4	4	4	4	4	4	4
cluster_189	14	14	14	14	14	14	14	14	14	14	11	11
cluster_190	4	4	4	4	4	4	4	4	4	4	4	4
cluster_191	6	6	6	6	6	6	6	6	6	6	6	6
cluster_192	12	12	12	12	12	12	12	11	12	11	11	11
cluster_193	3	3	3	3	3	3	3	3	3	3	3	3
cluster_194	1	1	1	1	1	1	1	1	1	1	1	1
cluster_195	8	8	8	8	8	8	8	8	8	8	7	7
cluster_196	34	34	34	34	34	34	34	34	34	34	32	34
cluster_197	5	5	5	5	5	5	5	5	5	5	5	5
cluster_198	13	12	12	12	12	12	12	12	12	12	11	12
cluster_199	5	5	5	5	5	5	5	5	5	5	5	5
cluster_200	4	4	4	4	4	2	2	4	4	4	2	2
cluster_201	2	2	2	2	2	2	2	2	2	2	2	2
cluster_202	26	26	26	26	26	26	26	26	26	26	26	26
cluster_203	12	12	12	12	12	12	12	12	12	12	12	12
cluster_204	9	9	9	9	9	9	9	9	9	9	9	9
cluster_205	3	3	3	3	3	3	3	3	3	3	3	3
cluster_206	13	13	13	13	13	11	8	12	13	10	7	7
cluster_207	1	1	1	1	1	1	1	1	1	1	1	1
cluster_208	16	16	16	16	16	16	16	16	16	16	16	16
cluster_209	4	4	4	4	4	4	4	4	4	4	4	4
cluster_210	57	36	36	36	36	36	36	36	36	36	33	36
cluster_211	1	1	1	1	1	1	1	1	1	1	1	1
cluster_212	1	1	1	1	1	1	1	1	1	1	1	1
cluster_213	4	4	4	4	4	4	4	4	4	4	3	3
cluster_214	10	10	10	10	10	10	9	10	10	10	8	7
cluster_215	8	8	8	8	8	8	8	8	8	8	7	7
cluster_216	2	2	2	2	2	2	2	2	2	2	1	1
cluster_217	1	1	1	1	1	1	1	1	1	1	1	1
cluster_218	2	2	2	2	2	2	2	2	2	2	2	2
cluster_219	18	18	18	18	18	18	18	18	18	18	18	18
cluster_220	4	4	4	4	4	4	4	4	4	4	4	4
cluster_221	2	2	2	2	2	2	2	2	2	2	2	2
cluster_222	4	4	4	4	4	4	4	4	4	4	4	4
cluster_223	6	6	6	6	6	6	6	6	6	6	6	6
cluster_224	13	13	13	13	13	13	13	13	13	12	13	13
cluster_225	6	5	5	5	5	5	5	5	5	5	5	5
cluster_226	1	1	1	1	1	1	1	1	1	1	1	1
cluster_227	7	7	7	7	7	7	7	7	7	7	7	7
cluster_228	2	2	2	2	2	2	2	2	2	2	2	2
cluster_229	24	24	24	24	24	24	24	24	24	24	24	24
cluster_230	2	2	2	2	2	2	2	2	2	2	2	2
cluster_231	5	5	5	5	5	5	5	5	5	5	5	5
cluster_232	4	4	4	4	4	4	3	4	4	4	3	3
cluster_233	2	2	2	2	2	2	2	2	2	2	1	1
cluster_234	15	15	15	15	15	15	15	15	15	15	15	15
cluster_235	7	7	7	7	7	7	7	7	7	7	7	7
cluster_236	1	1	1	1	1	1	1	1	1	1	1	1
cluster_237	3	3	3	3	3	3	3	3	3	3	3	3
cluster_238	14	13	13	13	13	13	13	13	13	13	13	13
cluster_239	11	11	11	11	11	11	11	11	11	11	11	11
cluster_240	3	3	3	3	3	3	3	3	3	3	3	3
cluster_241	6	6	6	6	6	6	6	6	6	6	6	6
cluster_242	2	2	2	2	2	2	2	2	2	2	2	2
cluster_243	5	5	5	4	4	4	4	4	4	5	4	4
cluster_244	5	5	5	5	5	5	5	5	5	5	5	5
cluster_245	8	8	8	8	8	8	8	8	8	8	8	8
cluster_246	2	2	2	2	2	2	2	2	2	2	2	2
cluster_247	11	11	11	11	11	11	11	11	11	11	10	11
cluster_248	5	5	5	5	5	5	5	5	5	5	5	5
cluster_249	1	1	1	1	1	1	1	1	1	1	1	1
cluster_250	14	14	14	14	14	14	14	14	14	14	14	14
cluster_251	44	37	37	37	37	37	37	37	37	37	36	37
cluster_252	4	4	4	4	4	4	4	4	4	4	4	4
cluster_253	4	4	4	4	4	4	4	4	4	4	4	3
cluster_254	3	3	3	3	3	3	3	3	3	3	3	3
cluster_255	2	2	2	2	2	2	2	2	2	2	2	2
cluster_256	1	1	1	1	1	1	1	1	1	1	1	1
cluster_257	3	3	3	3	3	3	3	3	3	3	3	3
cluster_258	29	29	29	29	29	28	25	29	28	29	24	24
cluster_259	6	6	6	6	6	6	6	6	6	6	6	6
cluster_260	13	13	13	13	13	13	13	13	13	13	13	13
cluster_261	1	1	1	1	1	1	1	1	1	1	1	1
cluster_262	15	14	14	14	14	14	14	14	14	14	14	13
cluster_263	4	4	4	4	4	4	4	4	4	4	4	3
cluster_264	2	2	2	2	2	2	1	2	2	2	1	1
cluster_265	5	5	5	5	5	5	5	5	5	5	5	5
cluster_266	7	7	7	7	7	7	7	7	7	7	7	7
cluster_267	14	14	14	14	14	14	14	14	14	14	14	14
cluster_268	9	9	9	9	9	9	9	9	9	9	9	9
cluster_269	11	10	10	10	10	10	10	10	10	10	10	10
cluster_270	9	9	9	9	9	9	9	9	9	9	8	8
cluster_271	8	8	8	8	8	8	8	8	8	8	8	8
cluster_272	33	31	31	31	31	31	31	31	31	31	31	27
cluster_273	16	16	16	16	16	12	12	16	16	14	12	12
cluster_274	2	2	2	2	2	2	2	2	2	2	2	2
cluster_275	3	3	3	3	3	3	3	3	3	3	3	3
cluster_276	2	2	2	2	2	2	2	2	2	2	2	2
cluster_277	5	5	5	5	5	5	5	5	5	5	5	5
cluster_278	5	5	5	5	5	5	5	5	5	5	4	5
cluster_279	3	3	3	3	3	3	3	3	3	3	3	3
cluster_280	13	13	13	13	13	13	13	13	13	13	13	13
cluster_281	11	11	11	11	11	11	11	11	11	11	9	9
cluster_282	3	3	3	3	3	3	3	3	3	3	3	3
cluster_283	3	3	3	3	3	3	3	3	3	3	3	3
cluster_284	2	2	2	2	2	2	2	2	2	2	2	2
cluster_285	1	1	1	1	1	1	1	1	1	1	1	1
cluster_286	4	4	4	4	4	4	4	4	4	4	4	4
cluster_287	7	7	7	7	7	7	7	7	7	7	7	7
cluster_288	3	3	3	3	3	3	3	3	3	3	3	3
cluster_289	6	6	6	6	6	6	5	6	6	6	4	4
cluster_290	8	8	8	8	8	8	8	8	8	8	8	8
cluster_291	2	2	2	2	2	2	2	2	2	2	2	2
cluster_292	4	3	3	3	3	3	3	3	3	3	3	3
cluster_293	4	4	4	4	4	4	4	4	4	4	4	4
cluster_294	2	2	2	2	2	2	2	2	2	2	2	2
cluster_295	4	4	4	4	4	4	4	4	4	4	4	4
cluster_296	2	2	2	2	2	2	2	2	2	2	2	2
cluster_297	8	8	8	8	8	8	8	8	8	8	8	8
cluster_298	2	2	2	2	2	2	2	2	2	2	2	2
cluster_299	8	8	8	7	8	7	7	7	8	7	2	2
cluster_300	4	4	4	4	4	4	4	4	4	4	4	4
cluster_301	1	1	1	1	1	1	1	1	1	1	1	1
cluster_302	7	6	6	6	6	6	6	6	6	6	6	6
cluster_303	3	3	3	3	3	3	3	3	3	3	3	3
cluster_304	3	3	3	3	3	3	3	3	3	3	3	3
cluster_305	24	24	24	24	24	24	24	24	24	24	23	24
cluster_306	6	6	6	6	6	6	6	6	6	6	6	6
cluster_307	4	4	3	3	3	3	3	4	3	3	3	3
cluster_308	2	2	2	2	2	2	2	2	2	2	2	2
cluster_309	3	3	3	3	3	3	3	3	3	3	3	3
cluster_310	3	3	3	3	3	3	3	3	3	3	3	3
cluster_311	4	4	4	4	4	4	4	4	4	4	4	4
cluster_312	1	1	1	1	1	1	1	1	1	1	1	1
cluster_313	20	20	20	20	20	20	20	20	20	20	19	20
cluster_314	6	6	6	6	6	6	6	6	6	6	6	6
cluster_315	2	2	2	2	2	2	2	2	2	2	2	2
cluster_316	5	5	5	5	5	5	5	5	5	5	5	5
cluster_317	2	2	2	2	2	2	2	2	2	2	2	2
cluster_318	12	12	12	12	12	12	12	12	12	12	12	12
cluster_319	3	3	3	3	3	3	3	3	3	3	2	3
cluster_320	6	6	6	6	6	6	6	6	6	6	6	6
cluster_321	14	14	14	14	14	14	14	14	14	14	14	13
cluster_322	2	2	2	2	2	2	2	2	2	2	2	2
cluster_323	5	5	5	5	5	5	5	5	5	5	5	5
cluster_324	11	11	11	11	11	11	11	11	11	11	11	11
cluster_325	30	29	29	29	29	29	29	29	29	29	28	29
cluster_326	1	1	1	1	1	1	1	1	1	1	1	1
cluster_327	7	7	7	7	7	7	7	7	7	7	7	7
cluster_328	3	3	3	3	3	3	3	3	3	3	3	3
cluster_329	3	3	3	3	3	3	2	3	3	3	2	2
cluster_330	8	8	8	8	8	7	7	8	8	8	6	6
cluster_331	4	4	4	4	4	4	4	4	4	4	2	4
cluster_332	1	1	1	1	1	1	1	1	1	1	1	1
cluster_333	5	5	5	5	5	5	5	5	5	5	5	5
cluster_334	4	3	3	3	3	3	3	3	3	3	3	3
cluster_335	2	2	2	2	2	2	2	2	2	2	2	2
cluster_336	4	4	4	4	4	4	4	4	4	4	4	4
cluster_337	4	4	4	4	4	4	4	4	4	4	4	4
cluster_338	3	2	2	2	2	2	2	2	2	2	2	2
cluster_339	4	4	4	4	4	4	4	4	4	4	3	4
cluster_340	5	5	5	5	5	5	5	5	5	5	5	5
cluster_341	2	2	2	2	2	2	2	2	2	2	2	2
cluster_342	2	2	2	2	2	2	2	2	2	2	2	2
cluster_343	5	5	5	5	5	5	5	5	5	5	5	5
cluster_344	2	2	2	2	2	2	2	2	2	2	2	2
cluster_345	16	16	16	16	16	15	16	15	16	14	14	14
cluster_346	34	32	32	30	30	26	28	30	28	28	26	24
cluster_347	4	4	4	4	4	4	4	4	4	4	3	3
cluster_348	3	3	3	3	3	3	3	3	3	3	3	3
cluster_349	8	6	6	6	6	4	4	6	5	5	2	2
cluster_350	10	10	10	10	10	10	10	10	10	10	10	10
cluster_351	21	21	21	21	21	21	21	21	21	21	21	21
cluster_352	5	5	5	5	5	5	5	5	5	5	5	5
cluster_353	4	4	4	4	4	4	4	4	4	4	4	4
cluster_354	4	4	4	4	4	4	4	4	4	4	4	4
cluster_355	4	4	4	4	4	4	4	4	4	4	4	4
cluster_356	3	3	3	3	3	3	3	3	3	3	3	3
cluster_357	2	2	2	2	2	2	2	2	2	2	2	2
cluster_358	1	1	1	1	1	1	1	1	1	1	1	1
cluster_359	7	7	6	6	5	3	2	6	6	6	2	2
cluster_360	3	3	3	3	3	3	3	3	3	3	3	3
cluster_361	3	3	3	3	3	3	3	3	3	3	3	3
cluster_362	3	3	3	3	3	3	3	3	3	3	3	3
cluster_363	4	4	4	4	4	4	4	4	4	4	4	4
cluster_364	42	42	42	42	42	42	42	42	42	42	40	38
cluster_365	7	7	7	7	7	7	7	7	7	7	7	7
cluster_366	4	4	4	4	4	4	3	4	4	4	2	2
cluster_367	3	2	2	2	2	2	2	2	2	2	2	2
cluster_368	6	6	6	6	6	6	6	6	6	6	6	6
cluster_369	4	4	4	4	4	4	4	4	4	4	4	4
cluster_370	12	12	12	12	12	12	12	12	12	11	12	11
cluster_371	2	2	2	2	2	2	2	2	2	2	2	2
cluster_372	17	17	17	17	17	14	14	16	17	17	10	11
cluster_373	2	2	2	2	2	2	2	2	2	2	2	2
cluster_374	4	4	4	4	4	4	4	4	4	4	4	4
cluster_375	6	6	6	6	6	6	6	6	6	6	6	6
cluster_376	6	6	6	6	6	6	6	6	6	6	6	6
cluster_377	8	8	8	8	8	8	8	8	8	8	8	8
cluster_378	3	3	3	3	3	3	3	3	3	3	3	3
cluster_379	5	5	5	5	5	5	5	5	5	5	5	5
cluster_380	2	2	2	2	2	2	2	2	2	2	2	2
cluster_381	8	8	8	8	8	8	8	8	8	8	7	8
cluster_382	4	4	4	4	4	4	4	4	4	4	4	4
cluster_383	38	38	38	37	38	34	33	37	38	37	31	31
cluster_384	3	3	3	3	3	3	3	3	3	3	3	3
cluster_385	4	4	4	4	4	4	4	4	4	4	4	4
cluster_386	4	4	4	4	4	4	4	4	4	4	4	4
cluster_387	2	1	1	1	1	1	1	1	1	1	1	1
cluster_388	5	5	5	5	5	5	5	5	5	5	5	4
cluster_389	4	4	4	4	4	4	4	4	4	4	4	4
cluster_390	2	2	2	2	2	2	2	2	2	2	2	2
cluster_391	8	8	8	8	8	8	8	8	8	8	8	8
cluster_392	3	2	2	2	2	2	2	2	2	2	2	2
cluster_393	4	3	3	3	3	2	2	3	3	3	2	2
cluster_394	12	12	12	12	12	12	12	12	12	12	11	11
cluster_395	3	3	3	3	3	3	3	3	3	3	3	3
cluster_396	5	5	5	5	5	5	5	5	5	5	4	5
cluster_397	3	3	3	3	3	3	3	3	3	3	3	3
cluster_398	4	4	4	4	4	4	4	4	4	4	4	4
cluster_399	1	1	1	1	1	1	1	1	1	1	1	1
cluster_400	10	10	10	10	10	10	10	10	10	10	10	10
cluster_401	9	9	9	9	9	9	9	9	9	9	8	9
cluster_402	6	6	6	6	6	6	6	6	6	6	6	6
cluster_403	5	5	5	5	5	5	5	5	5	5	5	5
cluster_404	5	5	5	5	5	5	5	5	5	5	5	5
cluster_405	12	12	12	12	12	12	12	12	12	12	12	12
cluster_406	3	3	3	3	3	2	2	3	3	3	2	2
cluster_407	2	2	2	2	2	2	2	2	2	2	2	2
cluster_408	1	1	1	1	1	1	1	1	1	1	1	1
cluster_409	8	8	8	8	8	8	8	8	8	8	8	8
cluster_410	2	2	2	2	2	2	2	2	2	2	2	2
cluster_411	11	11	11	11	11	11	11	11	11	11	10	11
cluster_412	1	1	1	1	1	1	1	1	1	1	1	1
cluster_413	27	27	27	27	27	27	27	27	27	26	24	24
cluster_414	6	6	6	6	6	6	6	6	6	6	6	6
cluster_415	2	2	2	2	2	2	2	2	2	2	2	2
cluster_416	8	8	8	8	8	8	8	8	8	8	8	8
cluster_417	16	15	15	15	15	14	14	14	15	15	14	14
cluster_418	3	3	3	3	3	3	3	3	3	3	3	3
cluster_419	4	4	4	4	4	4	4	4	4	4	4	4
cluster_420	4	4	4	4	4	3	3	3	4	4	3	3
cluster_421	4	4	4	4	4	4	4	4	4	4	4	4
cluster_422	1	1	1	1	1	1	1	1	1	1	1	1
cluster_423	35	34	34	34	34	33	34	33	33	32	29	28
cluster_424	17	17	17	17	17	17	17	17	17	17	15	15
cluster_425	24	24	24	23	23	23	24	23	23	23	22	21
cluster_426	2	2	2	2	2	2	2	2	2	2	2	2
cluster_427	4	4	4	4	4	4	4	4	4	4	3	3
cluster_428	2	2	2	2	2	2	2	2	2	2	2	2
cluster_429	2	2	2	2	2	2	2	2	2	2	2	2
cluster_430	7	7	7	7	7	7	7	7	7	7	7	7
cluster_431	9	9	9	9	9	9	9	9	9	9	9	9
cluster_432	3	3	3	3	3	3	3	3	3	3	3	3
cluster_433	3	3	3	3	3	3	3	3	3	3	2	3
cluster_434	18	18	18	18	18	18	18	18	18	18	15	15
cluster_435	11	10	10	10	10	10	10	10	10	10	9	9
cluster_436	2	2	2	2	2	2	2	2	2	2	2	2
cluster_437	4	4	4	4	4	4	4	4	4	4	4	4
cluster_438	3	3	3	3	3	3	3	3	3	3	3	3
cluster_439	1	1	1	1	1	1	1	1	1	1	1	1
cluster_440	98	97	97	96	96	89	89	95	97	95	87	88
cluster_441	4	4	4	4	4	4	4	4	4	4	4	4
cluster_442	10	10	10	10	10	10	10	10	10	10	9	10
cluster_443	3	3	3	3	3	3	3	3	3	3	3	3
cluster_444	1	1	1	1	1	1	1	1	1	1	1	1
cluster_445	10	10	10	10	10	10	10	10	10	10	10	10
cluster_446	14	14	14	14	14	14	14	14	14	14	12	14
cluster_447	3	3	3	3	3	3	3	3	3	3	3	3
cluster_448	18	17	17	17	17	17	17	17	17	17	17	17
cluster_449	2	2	2	2	2	2	2	2	2	2	2	2
cluster_450	31	31	31	31	31	31	31	31	31	31	30	31
cluster_451	3	3	3	3	3	3	3	3	3	3	3	3
cluster_452	20	20	20	20	20	20	20	20	20	20	20	20
cluster_453	3	3	3	3	3	3	3	3	3	3	3	3
cluster_454	1	1	1	1	1	1	1	1	1	1	1	1
cluster_455	3	3	3	3	3	3	3	3	3	3	3	3
cluster_456	6	6	6	6	6	6	6	6	6	6	5	5
cluster_457	10	10	10	10	10	10	10	10	10	10	10	10
cluster_458	5	4	4	4	4	4	4	4	4	4	4	4
cluster_459	1	1	1	1	1	1	1	1	1	1	1	1
cluster_460	2	2	2	2	2	2	2	2	2	2	2	2
cluster_461	2	2	2	2	2	2	2	2	2	2	2	2
cluster_462	6	6	6	6	6	6	6	6	6	6	6	6
cluster_463	5	5	5	5	5	5	5	5	5	5	4	5
cluster_464	2	2	2	2	2	2	2	2	2	2	2	2
cluster_465	4	3	3	3	3	3	3	3	3	3	3	3
cluster_466	2	2	2	2	2	2	2	2	2	2	2	2
cluster_467	1	1	1	1	1	1	1	1	1	1	1	1
cluster_468	7	7	7	7	7	7	7	7	7	7	7	7
cluster_469	7	7	7	7	7	7	7	7	7	7	7	7
cluster_470	3	3	3	3	3	3	3	3	3	3	3	3
cluster_471	29	29	29	29	29	28	28	29	29	29	27	27
cluster_472	1	1	1	1	1	1	1	1	1	1	1	1
cluster_473	16	16	16	16	16	15	15	15	16	16	14	15
cluster_474	4	4	4	4	4	4	4	4	4	4	4	3
cluster_475	4	4	4	4	4	4	4	4	4	4	4	4
cluster_476	9	9	9	9	9	9	9	9	9	9	9	9
cluster_477	12	12	12	12	12	12	11	12	12	12	11	11
cluster_478	1	1	1	1	1	1	1	1	1	1	1	1
cluster_479	14	14	14	14	14	14	13	14	14	14	13	13
cluster_480	2	2	2	2	2	2	2	2	2	2	2	2
cluster_481	2	2	2	2	2	2	2	2	2	2	2	2
cluster_482	3	3	3	3	3	3	3	3	3	3	3	3
cluster_483	4	4	4	4	4	4	2	4	4	4	2	2
cluster_484	2	2	2	2	2	2	2	2	2	2	2	2
cluster_485	5	5	5	5	5	5	5	5	5	5	5	5
cluster_486	4	4	4	4	4	4	4	4	4	4	4	4
cluster_487	2	2	2	2	2	2	2	2	2	2	2	2
cluster_488	8	8	8	8	8	8	8	6	8	8	6	8
cluster_489	3	3	3	3	3	3	3	3	3	3	3	3
cluster_490	15	13	12	12	12	12	12	12	13	12	11	11
cluster_491	1	1	1	1	1	1	1	1	1	1	1	1
cluster_492	6	6	6	6	6	6	6	6	6	6	6	6
cluster_493	1	1	1	1	1	1	1	1	1	1	1	1
cluster_494	25	24	24	24	24	24	22	24	24	22	21	20
cluster_495	40	39	39	39	39	37	37	39	39	39	36	36
cluster_496	8	8	8	8	8	8	8	8	8	8	8	8
cluster_497	2	2	2	2	2	2	2	2	2	2	2	2
cluster_498	2	2	2	2	2	2	1	2	2	2	1	1
cluster_499	3	3	3	3	3	3	3	3	3	3	3	3
cluster_500	8	8	8	8	8	8	8	8	8	8	8	8
cluster_501	10	10	10	10	10	10	10	10	10	10	10	10
cluster_502	2	2	2	2	2	2	2	2	2	2	2	2
cluster_503	42	42	42	42	42	41	41	42	42	41	32	34
cluster_504	9	9	9	9	9	9	9	9	9	9	9	9
cluster_505	12	12	12	12	12	12	12	12	12	12	12	11
cluster_506	40	39	39	36	38	29	30	36	39	35	23	21
cluster_507	16	16	16	16	16	16	16	16	16	16	16	16
cluster_508	6	5	5	5	5	5	5	5	5	5	5	5
cluster_509	136	136	134	130	126	114	98	134	134	122	78	80
cluster_510	1	1	1	1	1	1	1	1	1	1	1	1
cluster_511	4	3	3	3	3	3	3	3	3	3	3	3
cluster_512	3	3	3	3	3	3	3	3	3	3	3	3
cluster_513	2	2	2	2	2	2	2	2	2	2	2	2
cluster_514	2	2	2	2	2	2	2	2	2	2	2	2
cluster_515	22	22	22	22	22	22	22	22	22	22	18	18
cluster_516	3	3	3	3	3	3	3	3	3	3	2	2
cluster_517	4	4	4	4	4	4	4	4	4	4	4	4
cluster_518	3	3	3	3	3	3	3	3	3	3	3	3
cluster_519	3	3	3	3	3	3	3	3	3	3	3	3
cluster_520	3	3	3	3	3	3	3	3	3	3	3	3
cluster_521	3	3	3	3	3	3	3	3	3	3	3	3
cluster_522	4	4	4	4	4	4	4	4	4	4	4	4
cluster_523	1	1	1	1	1	1	1	1	1	1	1	1
cluster_524	6	6	6	6	6	6	6	6	6	6	6	6
cluster_525	52	52	52	52	52	49	49	52	52	50	44	45
cluster_526	4	4	4	4	4	4	4	4	4	4	4	4
cluster_527	3	3	3	3	3	3	3	3	3	3	3	3
cluster_528	1	1	1	1	1	1	1	1	1	1	1	1
cluster_529	3	3	3	3	3	3	3	3	3	3	3	3
cluster_530	2	2	2	2	2	2	2	2	2	2	1	1
cluster_531	2	2	2	2	2	2	2	2	2	2	2	2
cluster_532	2	2	2	2	2	2	2	2	2	2	2	2
cluster_533	3	3	3	3	3	3	2	3	3	3	2	2
cluster_534	3	3	3	3	3	3	3	3	3	3	3	3
cluster_535	28	28	28	28	28	26	26	28	28	27	17	19
cluster_536	4	4	4	4	4	4	4	4	4	4	4	4
cluster_537	1	1	1	1	1	1	1	1	1	1	1	1
cluster_538	4	4	4	4	4	4	4	4	4	4	4	4
cluster_539	7	6	6	6	6	6	6	6	6	6	6	6
cluster_540	4	4	4	4	4	4	4	4	4	4	4	4
cluster_541	31	31	31	31	31	31	31	31	31	31	29	31
cluster_542	23	23	23	23	23	22	22	22	23	22	22	20
cluster_543	16	16	16	16	16	16	16	16	16	16	13	16
cluster_544	3	3	3	3	3	3	3	3	3	3	3	3
cluster_545	20	20	20	20	20	17	16	20	20	19	16	15
cluster_546	1	1	1	1	1	1	1	1	1	1	1	1
cluster_547	7	7	7	7	7	7	7	7	7	7	7	7
cluster_548	5	5	5	5	5	5	5	5	5	5	5	4
cluster_549	8	8	8	8	8	8	8	8	8	8	8	8
cluster_550	3	3	3	3	3	3	3	3	3	3	3	3
cluster_551	1	1	1	1	1	1	1	1	1	1	1	1
cluster_552	5	5	5	5	5	5	5	5	5	5	5	5
cluster_553	48	48	48	48	47	46	46	48	48	48	41	41
cluster_554	4	4	4	4	4	4	4	4	4	4	4	4
cluster_555	18	18	18	18	18	18	18	18	18	18	18	17
cluster_556	2	2	2	2	2	2	2	2	2	2	1	1
cluster_557	1	1	1	1	1	1	1	1	1	1	1	1
cluster_558	5	5	5	5	5	5	5	5	5	5	5	5
cluster_559	6	6	6	6	6	6	6	6	6	6	6	6
cluster_560	24	22	22	22	22	22	22	22	22	22	22	22
cluster_561	7	7	7	7	7	7	7	7	7	7	7	7
cluster_562	5	5	5	5	5	5	5	5	5	5	4	5
cluster_563	6	5	5	5	5	5	5	5	5	5	4	4
cluster_564	5	5	5	5	5	5	5	5	5	5	5	5
cluster_565	2	2	2	2	2	2	2	2	2	2	1	1
cluster_566	1	1	1	1	1	1	1	1	1	1	1	1
cluster_567	6	6	6	6	5	5	5	6	6	6	5	5
cluster_568	4	4	4	3	4	3	3	3	4	3	3	3
cluster_569	6	6	6	6	6	6	6	6	6	6	5	6
cluster_570	5	5	5	5	5	5	5	5	5	5	5	5
cluster_571	5	5	5	5	5	5	5	5	5	5	4	4
cluster_572	8	8	8	8	8	8	8	8	8	8	8	8
cluster_573	3	3	3	3	3	3	3	3	3	3	3	3
cluster_574	6	6	6	6	6	6	6	6	6	6	4	5
cluster_575	5	5	5	5	5	5	5	5	5	5	3	3
cluster_576	20	20	20	20	20	20	20	20	20	20	20	20
cluster_577	21	21	21	21	21	20	20	21	21	21	20	20
cluster_578	1	1	1	1	1	1	1	1	1	1	1	1
cluster_579	5	4	4	4	4	4	4	4	4	4	4	4
cluster_580	2	2	2	2	2	2	2	2	2	2	2	2
cluster_581	3	3	3	3	3	3	3	3	3	3	3	3
cluster_582	19	16	16	16	16	16	16	16	16	16	16	16
cluster_583	3	3	3	3	3	3	3	3	3	3	3	3
cluster_584	41	40	40	40	40	39	39	40	40	40	38	37
cluster_585	3	2	2	2	2	2	2	2	2	2	2	2
cluster_586	12	12	11	11	11	11	11	11	12	11	11	11
cluster_587	25	25	25	25	25	25	25	25	25	25	25	25
cluster_588	7	7	7	7	7	7	7	7	7	7	7	7
cluster_589	2	2	2	2	2	2	2	2	2	2	2	2
cluster_590	4	4	4	4	4	4	4	4	4	4	4	4
cluster_591	12	12	12	12	12	12	11	12	12	12	11	11
cluster_592	2	2	2	2	2	2	2	2	2	2	2	2
cluster_593	20	20	20	20	20	20	20	20	20	20	18	20
cluster_594	4	4	4	4	4	4	4	4	4	4	3	3
cluster_595	27	26	26	26	26	26	26	26	26	26	26	25
cluster_596	16	16	16	16	16	16	16	16	16	16	16	16
cluster_597	1	1	1	1	1	1	1	1	1	1	1	1
cluster_598	3	3	3	3	3	3	3	3	3	3	3	3
cluster_599	2	2	2	2	2	2	2	2	2	2	2	2
cluster_600	1	1	1	1	1	1	1	1	1	1	1	1
cluster_601	3	3	3	3	3	3	3	3	3	3	3	3
cluster_602	5	3	3	3	3	2	2	3	3	2	2	2
cluster_603	5	5	5	5	5	5	5	5	5	5	5	4
cluster_604	15	15	15	15	15	15	15	15	15	15	15	15
cluster_605	3	3	3	3	3	3	3	3	3	3	3	3
cluster_606	2	2	2	2	2	2	2	2	2	2	2	2
cluster_607	5	5	5	5	5	5	5	5	5	5	4	4
cluster_608	2	2	2	2	2	2	2	2	2	2	2	2
cluster_609	10	10	10	10	10	10	10	10	10	10	10	10
cluster_610	11	11	11	11	11	11	11	11	11	11	10	11
cluster_611	4	4	4	4	4	4	4	4	4	4	4	4
cluster_612	8	8	8	8	8	8	8	8	8	8	8	8
cluster_613	59	58	58	58	58	58	58	58	58	58	57	57
cluster_614	2	2	2	2	2	2	2	2	2	2	2	2
cluster_615	3	3	3	3	3	3	3	3	3	3	3	3
cluster_616	8	8	8	8	8	8	8	8	8	8	8	8
cluster_617	2	2	2	2	2	2	2	2	2	2	2	2
cluster_618	2	2	2	2	2	2	2	2	2	2	2	2
cluster_619	3	3	3	3	3	3	3	3	3	3	3	3
cluster_620	2	2	2	2	2	2	2	2	2	2	1	2
cluster_621	2	2	2	2	2	2	2	2	2	2	2	2
cluster_622	2	2	2	2	2	2	2	2	2	2	2	2
cluster_623	26	26	26	26	26	26	26	26	26	26	26	26
cluster_624	9	9	9	9	9	9	9	9	9	9	9	9
cluster_625	6	6	6	6	6	6	6	6	6	6	6	6
cluster_626	2	2	2	2	2	2	2	2	1	2	1	1
cluster_627	54	53	53	53	53	53	50	53	53	53	50	49
cluster_628	1	1	1	1	1	1	1	1	1	1	1	1
cluster_629	2	2	2	2	2	2	2	2	2	2	2	2
cluster_630	12	12	12	12	12	12	12	12	12	12	12	12
cluster_631	1	1	1	1	1	1	1	1	1	1	1	1
cluster_632	5	5	5	5	5	5	5	5	5	5	5	5
cluster_633	3	3	3	3	3	3	3	3	3	3	3	3
cluster_634	3	3	3	2	2	2	2	2	2	3	2	2
cluster_635	2	0	0	0	0	0	0	0	0	0	0	0
cluster_636	2	2	2	2	2	2	2	2	2	2	2	2
cluster_637	2	2	2	2	2	2	2	2	2	2	1	2
cluster_638	9	9	9	9	9	9	9	9	9	9	8	8
cluster_639	4	4	4	4	4	4	4	4	4	4	4	4
cluster_640	6	6	6	6	6	6	6	6	6	6	5	5
cluster_641	4	4	4	4	4	4	4	4	4	4	4	4
cluster_642	3	3	3	3	3	3	3	3	3	3	3	3
cluster_643	2	2	2	2	2	2	2	2	2	2	2	2
cluster_644	1	1	1	1	1	1	1	1	1	1	1	1
cluster_645	1	1	1	1	1	1	1	1	1	1	1	1
cluster_646	5	5	5	5	5	5	5	5	5	5	5	5
cluster_647	14	14	14	14	14	12	12	14	13	14	12	11
cluster_648	2	2	2	2	2	2	2	2	2	2	2	2
cluster_649	5	5	5	5	5	5	5	5	5	5	5	5
cluster_650	2	2	2	2	2	2	2	2	2	2	2	2
cluster_651	2	2	2	2	2	2	2	2	2	2	2	2
cluster_652	17	17	17	17	17	17	17	17	17	17	13	14
cluster_653	16	16	16	15	16	15	15	15	16	15	14	14
cluster_654	12	12	12	12	12	12	10	12	12	12	10	10
cluster_655	2	2	2	2	2	2	2	2	2	2	2	2
cluster_656	2	2	2	2	2	2	2	2	2	2	2	2
cluster_657	17	15	15	14	15	13	13	14	15	14	12	11
cluster_658	5	3	3	3	2	3	3	2	2	2	2	2
cluster_659	2	2	2	2	2	2	2	2	2	2	2	2
cluster_660	6	6	6	6	6	6	6	6	6	6	4	4
cluster_661	35	35	35	35	35	35	34	35	35	34	32	30
cluster_662	9	9	9	9	9	9	9	9	9	9	9	8
cluster_663	3	3	3	3	2	2	2	3	3	3	2	2
cluster_664	8	8	8	8	8	8	8	8	8	8	7	8
cluster_665	7	7	7	7	7	7	7	7	7	7	7	7
cluster_666	36	34	34	34	34	34	33	34	34	34	33	33
cluster_667	2	2	2	2	2	2	2	2	2	2	1	1
cluster_668	3	3	3	3	3	3	3	3	3	3	3	2
cluster_669	2	2	2	2	2	2	2	2	2	2	2	2
cluster_670	12	12	12	12	12	12	12	12	12	12	12	12
cluster_671	8	8	8	8	8	8	8	8	8	8	6	6
cluster_672	2	2	2	2	2	2	2	2	2	2	2	2
cluster_673	4	4	4	4	4	4	4	4	4	4	4	4
cluster_674	6	6	6	6	6	6	6	6	6	6	6	6
cluster_675	3	3	3	3	3	3	3	3	3	3	3	3
cluster_676	4	4	4	4	4	4	4	4	4	4	4	4
cluster_677	3	3	3	3	3	3	3	3	3	3	3	3
cluster_678	4	4	4	4	4	4	4	4	4	4	4	4
cluster_679	2	2	2	2	2	2	2	2	2	2	2	2
cluster_680	2	2	2	2	2	2	2	2	2	2	2	2
cluster_681	8	8	8	8	8	8	8	8	8	8	7	7
cluster_682	15	15	15	15	15	15	15	15	15	15	14	14
cluster_683	3	3	3	3	3	3	3	3	3	3	3	3
cluster_684	1	1	1	1	1	1	1	1	1	1	1	1
cluster_685	7	7	7	7	7	7	7	7	7	7	6	7
cluster_686	3	3	3	3	3	3	3	3	3	3	3	3
cluster_687	15	15	15	15	15	15	15	15	15	15	15	15
cluster_688	4	4	4	4	4	4	4	4	4	4	4	4
cluster_689	3	3	3	3	3	3	3	3	3	3	3	2
cluster_690	1	1	1	1	1	1	1	1	1	1	1	1
cluster_691	2	2	2	2	2	2	2	2	2	2	2	2
cluster_692	1	1	1	1	1	1	1	1	1	1	1	1
cluster_693	5	4	4	4	4	4	4	4	4	4	4	4
cluster_694	2	2	2	2	2	2	2	2	2	2	2	2
cluster_695	2	2	2	2	2	2	2	2	2	2	2	2
cluster_696	2	2	2	2	2	2	2	2	2	2	2	2
cluster_697	3	3	3	3	3	3	3	3	3	3	3	3
cluster_698	18	18	18	18	18	18	18	18	18	18	18	18
cluster_699	3	3	3	3	3	3	3	3	3	3	3	3
cluster_700	4	4	4	4	4	4	4	4	4	4	4	3
cluster_701	7	7	7	7	7	7	7	7	7	7	7	7
cluster_702	3	3	3	3	3	3	3	3	3	3	2	2
cluster_703	2	2	2	2	2	2	2	2	2	2	2	2
cluster_704	6	6	6	6	6	6	6	6	6	6	6	6
cluster_705	9	9	9	9	9	9	9	9	9	9	9	9
cluster_706	2	2	2	2	2	2	2	2	2	2	1	2
cluster_707	1	1	1	1	1	1	1	1	1	1	1	1
cluster_708	4	4	4	4	4	4	4	4	4	4	4	4
cluster_709	1	1	1	1	1	1	1	1	1	1	1	1
cluster_710	30	27	27	27	27	27	27	27	27	27	26	27
cluster_711	8	8	8	8	8	8	8	8	8	8	8	8
cluster_712	3	3	3	3	3	3	3	3	3	3	3	3
cluster_713	2	2	2	2	2	2	2	2	2	2	2	2
cluster_714	19	19	19	19	19	19	19	19	19	19	18	18
cluster_715	6	6	6	6	6	6	6	6	6	6	6	6
cluster_716	14	14	14	14	14	14	14	14	14	14	14	14
cluster_717	2	2	2	2	2	2	2	2	2	2	2	2
cluster_718	7	7	7	7	7	6	6	7	7	6	6	6
cluster_719	1	1	1	1	1	1	1	1	1	1	1	1
cluster_720	17	17	17	17	17	17	17	17	17	17	17	17
cluster_721	2	2	2	2	2	2	2	2	2	2	2	2
cluster_722	6	6	6	6	6	6	6	6	6	6	6	6
cluster_723	2	2	2	2	2	2	2	2	2	2	2	2
cluster_724	9	9	9	9	9	9	9	9	9	9	9	9
cluster_725	3	3	3	3	3	3	3	3	3	3	3	3
cluster_726	1	1	1	1	1	1	1	1	1	1	1	1
cluster_727	8	8	8	8	8	8	8	8	8	8	8	8
cluster_728	6	6	6	6	6	6	5	6	5	5	5	6
cluster_729	2	2	2	2	2	2	2	2	2	2	2	2
cluster_730	3	3	3	3	3	3	3	3	3	3	3	3
cluster_731	34	34	34	34	34	34	34	34	34	34	34	34
cluster_732	2	2	2	2	2	2	2	2	2	2	2	2
cluster_733	3	3	3	3	3	3	3	3	3	3	3	3
cluster_734	10	10	10	10	10	9	9	10	10	10	8	8
cluster_735	5	5	5	5	5	5	5	5	5	5	5	5
cluster_736	3	3	3	3	3	3	3	3	3	3	3	3
cluster_737	114	112	112	110	105	95	89	111	112	104	80	78
cluster_738	5	5	5	5	5	5	5	5	5	5	5	5
cluster_739	3	3	3	3	3	3	3	3	3	3	3	3
cluster_740	4	4	4	4	4	4	4	4	4	4	4	4
cluster_741	10	10	10	10	10	10	10	10	10	10	10	8
cluster_742	4	4	4	4	4	4	4	4	4	4	4	4
cluster_743	3	3	3	3	2	2	2	2	2	2	2	3
cluster_744	1	1	1	1	1	1	1	1	1	1	1	1
cluster_745	2	2	2	2	2	2	2	2	2	2	2	2
cluster_746	10	9	9	9	9	9	9	9	9	9	9	9
cluster_747	21	21	21	21	21	21	21	21	21	21	20	21
cluster_748	5	5	5	5	5	5	5	5	5	5	5	5
cluster_749	4	4	4	4	4	4	4	4	4	4	4	4
cluster_750	5	5	5	5	5	5	5	5	5	5	5	5
cluster_751	1	1	1	1	1	1	1	1	1	1	1	1
cluster_752	4	4	4	4	4	4	4	4	4	4	4	4
cluster_753	8	8	8	8	8	8	8	8	8	8	8	8
cluster_754	2	2	2	2	2	2	2	2	2	2	2	2
cluster_755	8	8	8	8	8	8	8	8	8	7	7	6
cluster_756	6	6	6	6	6	6	6	6	6	6	6	6
cluster_757	1	1	1	1	1	1	1	1	1	1	1	1
cluster_758	9	8	8	8	8	8	8	8	8	8	8	8
cluster_759	5	5	5	5	5	5	5	4	5	4	4	4
cluster_760	6	6	6	6	6	6	6	6	6	6	6	6
cluster_761	12	8	8	8	8	5	5	6	8	7	4	3
cluster_762	5	5	5	5	5	5	5	5	5	5	5	5
cluster_763	4	4	4	4	4	4	4	4	4	4	3	3
cluster_764	3	3	3	3	3	3	3	3	3	3	3	3
cluster_765	1	1	1	1	1	1	1	1	1	1	1	1
cluster_766	2	2	2	2	2	2	2	2	2	2	2	2
cluster_767	9	9	9	9	9	8	7	9	9	9	7	7
cluster_768	15	15	15	15	15	15	15	15	15	15	15	15
cluster_769	2	2	2	2	2	2	2	2	2	2	2	2
cluster_770	8	8	8	8	8	8	8	8	8	8	8	8
cluster_771	16	16	16	16	16	16	16	16	16	16	14	14
cluster_772	7	6	6	6	6	6	6	6	6	6	6	6
cluster_773	3	3	3	3	3	3	3	3	3	2	2	2
cluster_774	19	19	19	19	19	18	18	18	19	18	17	17
cluster_775	3	3	3	3	3	3	3	3	3	3	3	3
cluster_776	8	8	8	8	8	8	8	8	8	8	8	8
cluster_777	2	2	2	2	2	2	2	2	2	2	2	2
cluster_778	3	3	3	3	3	3	3	3	3	3	3	3
cluster_779	4	4	4	4	4	4	4	4	4	4	4	4
cluster_780	8	8	8	8	8	8	8	8	8	8	8	8
cluster_781	7	7	7	7	7	7	7	7	7	7	6	7
cluster_782	14	14	14	14	14	14	14	14	14	14	13	13
cluster_783	2	2	2	2	2	2	2	2	2	2	2	2
cluster_784	9	3	0	0	0	0	0	0	3	0	0	0
cluster_785	4	4	4	4	4	4	4	4	4	4	4	4
cluster_786	1	1	1	1	1	1	1	1	1	1	1	1
cluster_787	2	2	2	2	2	2	2	2	2	2	2	2
cluster_788	1	1	1	1	1	1	1	1	1	1	1	1
cluster_789	13	13	13	13	13	13	13	13	13	13	13	13
cluster_790	2	2	2	2	2	1	1	1	2	2	1	1
cluster_791	17	17	17	17	17	17	17	17	17	17	17	17
cluster_792	6	6	6	6	6	6	6	6	6	6	6	6
cluster_793	10	10	10	10	10	10	10	10	10	10	9	10
cluster_794	2	2	2	2	2	2	2	2	2	2	2	2
cluster_795	1	1	1	1	1	1	1	1	1	1	1	1
cluster_796	1	1	1	1	1	1	1	1	1	1	1	1
cluster_797	5	5	5	5	5	5	5	5	5	5	5	5
cluster_798	5	5	5	5	5	3	2	5	5	5	2	2
cluster_799	105	105	105	105	105	104	104	105	105	104	101	99
cluster_800	3	3	3	3	3	3	3	3	3	3	3	3
cluster_801	3	3	3	3	3	3	3	3	3	3	3	3
cluster_802	3	3	3	3	3	3	3	3	3	3	3	3
cluster_803	5	4	4	4	4	4	4	4	4	4	4	4
cluster_804	7	7	7	7	7	7	7	7	7	7	6	6
cluster_805	4	4	4	4	4	4	4	4	4	4	4	4
cluster_806	4	4	4	4	3	3	3	4	4	4	3	3
cluster_807	9	9	9	9	9	9	9	9	9	9	9	9
cluster_808	2	1	1	1	1	1	1	1	1	1	1	1
cluster_809	4	4	4	4	4	4	4	4	4	4	4	4
cluster_810	2	2	2	2	2	2	2	2	2	2	2	2
cluster_811	10	10	10	10	10	10	10	10	10	10	10	10
cluster_812	3	2	2	2	2	2	2	2	2	2	2	2
cluster_813	6	6	6	6	6	6	6	6	6	6	6	6
cluster_814	3	3	3	3	3	3	3	3	3	3	3	3
cluster_815	5	5	5	5	5	5	5	5	5	5	5	5
cluster_816	28	28	28	28	27	26	26	28	28	27	26	26
cluster_817	12	12	12	12	9	9	9	12	12	12	6	6
cluster_818	6	6	6	6	6	6	6	6	6	6	6	4
cluster_819	8	8	8	8	8	8	8	8	8	8	8	8
cluster_820	11	11	11	11	11	11	11	11	11	11	11	11
cluster_821	1	1	1	1	1	1	1	1	1	1	1	1
cluster_822	45	38	38	38	38	38	38	38	38	38	36	38
cluster_823	6	6	6	6	6	6	6	6	6	6	6	6
cluster_824	38	38	38	38	38	38	38	38	38	38	37	38
cluster_825	3	3	3	3	3	3	3	3	3	3	3	3
cluster_826	2	2	2	2	2	1	1	1	2	1	1	1
cluster_827	4	3	3	3	3	3	3	3	3	3	2	2
cluster_828	3	3	3	3	3	3	3	3	3	3	3	3
cluster_829	6	6	6	6	6	6	6	6	6	6	6	6
cluster_830	2	2	2	2	2	2	2	2	2	2	2	2
cluster_831	8	8	8	8	8	8	8	8	8	8	8	8
cluster_832	12	12	12	12	12	12	12	12	12	12	11	12
cluster_833	1	1	1	1	1	1	1	1	1	1	1	1
cluster_834	3	3	3	3	3	2	2	3	3	2	2	2
cluster_835	5	5	5	5	5	5	5	5	5	5	5	5
cluster_836	2	2	2	2	2	2	2	2	2	2	2	2
cluster_837	5	5	5	5	5	5	5	5	5	5	5	5
cluster_838	43	42	42	42	42	40	39	41	42	41	37	37
cluster_839	5	5	5	5	5	5	5	5	5	5	5	5
cluster_840	2	2	2	2	2	2	2	2	2	2	2	0
cluster_841	4	4	4	4	4	4	4	4	4	4	4	4
cluster_842	2	2	2	2	2	2	2	2	2	2	2	2
cluster_843	3	3	3	3	3	3	3	3	3	3	3	3
cluster_844	1	1	1	1	1	1	1	1	1	1	1	1
cluster_845	4	4	4	4	4	4	4	4	4	4	4	4
cluster_846	3	3	3	3	3	3	3	3	3	3	3	3
cluster_847	4	4	4	4	4	4	4	4	4	4	4	4
cluster_848	2	2	2	2	2	2	2	2	2	2	2	2
cluster_849	1	1	1	1	1	1	1	1	1	1	1	1
cluster_850	13	13	13	13	13	13	13	13	13	13	12	13
cluster_851	2	2	2	2	2	2	2	2	2	2	2	2
cluster_852	3	3	3	3	3	3	3	3	3	3	3	3
cluster_853	1	1	1	1	1	1	1	1	1	1	1	1
cluster_854	5	5	5	5	5	5	5	5	5	5	5	5
cluster_855	5	5	5	5	5	5	5	5	5	5	5	5
cluster_856	6	6	6	6	6	6	6	6	6	6	6	6
cluster_857	4	4	4	4	4	4	4	4	4	4	4	4
cluster_858	2	2	2	2	2	2	2	2	2	2	2	2
cluster_859	3	3	3	3	3	3	3	3	3	3	2	3
cluster_860	26	26	26	26	26	26	26	26	26	26	26	25
cluster_861	7	7	7	7	7	7	7	7	7	7	7	7
cluster_862	4	4	4	4	4	4	4	4	4	4	4	4
cluster_863	3	3	3	3	3	3	3	3	3	3	3	3
cluster_864	4	4	4	4	4	4	4	4	4	4	2	2
cluster_865	6	5	5	5	5	4	5	4	5	4	3	5
cluster_866	6	6	6	6	6	6	6	6	6	6	6	6
cluster_867	1	1	1	1	1	1	1	1	1	1	1	1
cluster_868	13	13	13	13	13	13	13	13	13	13	11	11
cluster_869	6	6	6	6	6	6	6	6	6	6	6	6
cluster_870	6	5	5	5	5	5	5	5	5	5	5	5
cluster_871	8	7	7	7	7	7	7	7	7	7	7	7
cluster_872	17	17	17	17	16	16	16	17	17	17	12	12
cluster_873	1	1	1	1	1	1	1	1	1	1	1	1
cluster_874	13	12	12	12	12	12	12	12	12	12	12	12
cluster_875	13	13	13	13	13	13	13	13	13	13	13	13
cluster_876	14	14	14	14	14	14	12	14	14	14	12	12
cluster_877	8	8	8	8	8	8	8	8	8	8	8	8
cluster_878	3	3	3	3	3	3	3	3	3	3	3	3
cluster_879	4	4	4	3	4	3	3	3	4	3	3	3
cluster_880	4	4	4	4	4	4	4	4	4	4	3	4
cluster_881	9	9	9	9	9	9	9	9	9	9	9	9
cluster_882	7	7	7	7	7	7	6	7	7	7	6	6
cluster_883	2	2	2	2	2	2	2	2	2	2	2	2
cluster_884	5	5	5	5	5	5	5	5	5	5	5	5
cluster_885	2	2	2	2	2	2	2	2	2	2	2	2
cluster_886	2	2	2	2	2	2	2	2	2	2	2	2
cluster_887	4	4	4	4	4	4	4	4	4	4	4	4
cluster_888	8	8	8	8	8	8	8	8	8	8	7	8
cluster_889	5	5	5	5	5	5	5	5	5	5	5	5
cluster_890	17	17	17	17	17	17	17	17	17	17	16	17
cluster_891	2	2	2	2	2	2	2	2	2	2	2	2
cluster_892	4	4	4	4	4	4	4	4	4	4	4	4
cluster_893	1	1	1	1	1	1	1	1	1	1	1	1
cluster_894	2	2	2	2	2	2	2	2	2	2	2	2
cluster_895	2	2	2	2	2	2	2	2	2	2	1	2
cluster_896	7	7	7	7	7	7	7	7	7	7	7	7
cluster_897	3	2	2	2	2	2	2	2	2	2	2	2
cluster_898	2	2	2	2	2	2	2	2	2	2	2	2
cluster_899	8	7	7	7	7	7	7	7	7	7	6	5
cluster_900	5	5	5	5	5	5	5	5	5	5	5	5
cluster_901	14	14	14	14	14	14	13	14	14	14	12	12
cluster_902	15	15	15	15	15	13	13	15	14	13	11	10
cluster_903	1	1	1	1	1	1	1	1	1	1	1	1
cluster_904	2	2	2	2	2	2	2	2	2	2	2	2
cluster_905	10	10	10	10	10	10	10	10	10	10	10	10
cluster_906	24	24	23	19	19	16	13	20	19	22	10	8
cluster_907	8	8	8	8	8	8	8	8	8	8	8	6
cluster_908	5	5	5	5	5	5	5	5	5	5	4	4
cluster_909	11	11	11	11	11	11	11	11	11	11	9	8
cluster_910	5	5	5	5	5	5	5	5	5	5	4	4
cluster_911	6	6	6	6	6	6	6	5	5	5	5	5
cluster_912	7	7	7	7	7	7	7	7	7	7	7	7
cluster_913	9	9	9	9	9	9	9	9	9	9	9	8
cluster_914	21	21	21	21	21	21	21	21	20	21	20	20
cluster_915	6	6	6	6	6	6	6	6	6	6	6	6
cluster_916	1	1	1	1	1	1	1	1	1	1	1	1
cluster_917	12	12	12	12	12	12	12	12	12	12	12	12
cluster_918	3	3	3	3	3	3	3	3	3	3	3	2
cluster_919	9	9	9	9	9	8	8	8	9	8	8	7
cluster_920	8	8	8	8	8	8	8	8	8	8	6	6
cluster_921	1	1	1	1	1	1	1	1	1	1	1	1
cluster_922	2	2	2	2	2	2	2	2	2	2	2	2
cluster_923	6	6	6	6	6	6	6	6	6	6	6	6
cluster_924	61	61	61	60	60	50	49	59	60	57	44	44
cluster_925	14	14	14	14	14	14	14	14	14	14	14	14
cluster_926	6	6	6	6	6	6	6	6	6	6	6	6
cluster_927	4	4	4	4	4	4	4	4	4	4	4	4
cluster_928	6	6	6	6	6	6	6	6	6	6	6	6
cluster_929	27	25	25	25	25	25	25	25	25	25	25	25
cluster_930	12	12	12	12	12	12	12	12	12	12	12	12
cluster_931	16	16	16	16	15	13	13	16	15	16	10	11
cluster_932	2	2	2	2	2	2	2	2	2	2	2	2
cluster_933	6	6	6	6	6	6	6	6	6	6	6	6
cluster_934	24	24	24	24	24	20	20	24	24	24	18	18
cluster_935	1	1	1	1	1	1	1	1	1	1	1	1
cluster_936	9	9	9	9	9	9	9	9	9	9	8	9
cluster_937	3	3	3	3	3	3	3	3	3	3	3	3
cluster_938	4	4	4	4	4	4	4	4	4	4	4	4
cluster_939	9	9	9	9	9	9	9	9	9	9	9	9
cluster_940	6	6	6	6	6	6	6	6	6	6	6	6
cluster_941	4	4	4	4	4	4	4	4	4	4	4	4
cluster_942	2	2	2	2	2	2	2	2	2	2	2	2
cluster_943	6	6	6	6	6	6	6	6	6	6	6	6
cluster_944	1	1	1	1	1	1	1	1	1	1	1	1
cluster_945	18	18	18	18	18	18	18	18	18	18	16	17
cluster_946	11	11	11	11	11	11	11	11	11	11	11	11
cluster_947	2	2	2	2	2	2	2	2	2	2	2	2
cluster_948	15	15	15	15	15	15	15	15	15	15	15	15
cluster_949	6	6	6	6	6	6	5	6	6	6	3	4
cluster_950	1	1	1	1	1	1	1	1	1	0	1	1
cluster_951	7	7	7	7	7	7	7	7	7	7	7	7
cluster_952	4	4	4	4	4	4	4	4	4	4	4	4
cluster_953	1	1	1	1	1	1	1	1	1	1	0	0
cluster_954	5	5	5	5	5	5	5	5	5	5	5	5
cluster_955	2	2	2	2	2	2	1	2	2	2	1	1
cluster_956	11	10	10	10	10	10	10	10	10	10	10	10
cluster_957	2	2	2	2	2	2	2	2	2	2	2	2
cluster_958	30	30	30	30	30	30	30	30	30	30	30	30
cluster_959	272	269	269	269	269	267	261	267	269	268	244	245
cluster_960	1	1	1	1	1	1	1	1	1	1	1	1
cluster_961	1	1	1	1	1	1	1	1	1	1	1	1
cluster_962	1	1	1	1	1	1	1	1	1	1	1	1
cluster_963	3	3	3	3	3	3	3	3	3	3	3	3
cluster_964	106	106	106	106	105	104	99	105	106	104	85	90
cluster_965	3	3	3	3	3	3	3	3	3	3	3	3
cluster_966	2	2	2	2	2	2	2	2	2	2	2	2
cluster_967	2	2	2	2	2	2	2	2	2	2	2	2
cluster_968	1	1	1	1	1	1	1	1	1	1	1	1
cluster_969	2	2	2	2	2	2	2	2	2	2	2	2
cluster_970	8	8	8	8	8	8	8	8	8	8	8	8
cluster_971	19	19	19	19	19	19	19	19	19	19	18	18
cluster_972	2	2	2	2	2	2	2	2	2	2	2	2
cluster_973	6	6	6	6	6	6	6	6	6	6	6	6
cluster_974	25	24	24	24	24	24	24	24	24	24	23	22
cluster_975	18	18	18	18	18	18	18	18	18	16	14	16
cluster_976	5	5	5	5	5	5	5	5	5	5	5	5
cluster_977	1	1	1	1	1	1	1	1	1	1	1	1
cluster_978	3	3	3	3	3	3	3	3	3	3	3	3
cluster_979	6	6	6	6	6	6	6	6	6	6	6	6
cluster_980	2	2	2	2	2	2	2	2	2	2	2	2
cluster_981	6	6	6	6	6	6	6	6	6	6	6	6
cluster_982	29	29	29	29	29	29	29	29	29	29	29	29
cluster_983	4	4	4	4	4	4	4	4	4	4	4	4
cluster_984	1	1	1	1	1	1	1	1	1	1	1	1
cluster_985	4	4	4	4	4	4	4	4	4	4	4	4
cluster_986	3	3	3	3	3	3	3	3	3	3	3	3
cluster_987	36	35	35	35	35	35	35	35	35	35	35	35
cluster_988	2	2	2	2	2	2	2	2	2	2	2	2
cluster_989	2	2	2	2	2	2	2	2	2	2	2	2
cluster_990	5	5	5	5	5	5	5	5	5	5	5	5
cluster_991	3	3	3	3	3	3	3	3	3	3	3	3
cluster_992	13	13	13	13	13	13	13	13	13	13	13	13
cluster_993	4	4	4	4	4	4	4	4	4	4	4	4
cluster_994	3	3	3	3	3	3	3	3	3	3	2	3
cluster_995	3	3	3	3	3	3	3	3	3	3	3	3
cluster_996	3	3	3	3	3	3	3	3	3	3	3	3
cluster_997	6	6	6	6	6	6	6	6	6	6	5	5
cluster_998	1	1	1	1	1	1	1	1	1	1	1	1
cluster_999	4	4	4	4	4	4	4	4	4	4	4	4
cluster_1000	6	6	6	6	6	6	6	6	6	6	6	6
cluster_1001	3	3	3	3	3	3	3	3	3	3	3	3
cluster_1002	44	44	44	44	44	44	44	44	44	44	44	44
cluster_1003	8	8	8	8	8	8	8	8	8	8	8	8
cluster_1004	4	4	4	4	4	4	4	4	4	4	4	4
cluster_1005	4	4	4	4	4	4	4	4	4	4	4	4
cluster_1006	2	2	2	2	2	2	2	2	1	1	1	2
cluster_1007	4	4	4	4	4	4	4	4	4	4	4	4
cluster_1008	9	9	9	9	9	9	9	9	9	9	9	9
cluster_1009	2	2	2	2	2	2	2	2	2	2	2	2
cluster_1010	2	2	2	2	2	2	2	2	2	2	2	2
cluster_1011	2	2	2	2	2	2	2	2	2	2	2	2
cluster_1012	6	6	6	6	6	3	2	3	6	6	2	2
cluster_1013	10	10	10	10	10	10	10	10	10	10	9	10
cluster_1014	15	13	12	12	12	12	12	12	13	12	12	12
cluster_1015	2	2	2	2	2	2	2	2	2	2	2	2
cluster_1016	2	2	2	2	2	2	2	2	2	2	2	2
cluster_1017	6	6	6	6	6	6	6	6	6	6	5	5
cluster_1018	12	12	12	12	12	12	12	12	12	12	12	12
cluster_1019	14	14	14	14	14	14	14	14	14	14	14	13
cluster_1020	2	2	2	2	2	2	2	2	2	2	2	2
cluster_1021	2	2	2	2	2	2	2	2	2	2	2	2
cluster_1022	3	3	3	3	3	3	3	3	3	3	3	3
cluster_1023	120	120	120	118	114	114	112	118	120	110	92	94
cluster_1024	8	7	7	7	7	6	6	7	7	4	4	4
cluster_1025	2	2	2	2	2	2	2	2	2	2	2	2
cluster_1026	5	5	5	5	5	5	5	5	5	5	3	4
cluster_1027	1	1	1	1	1	1	1	1	1	1	1	1
cluster_1028	2	2	2	2	2	2	2	2	2	2	2	2
cluster_1029	4	3	3	3	3	3	3	3	3	3	3	3
cluster_1030	3	3	3	3	3	3	3	3	3	3	3	3
cluster_1031	2	2	2	2	2	2	2	2	2	2	2	2
cluster_1032	9	9	9	9	9	9	9	9	9	9	9	9
cluster_1033	24	24	24	24	24	24	24	24	24	24	24	24
cluster_1034	5	4	4	4	4	4	4	4	4	4	4	4
cluster_1035	2	2	2	2	2	2	2	2	2	2	2	2
cluster_1036	6	6	6	6	6	6	6	6	6	6	6	6
cluster_1037	3	3	3	3	3	3	3	3	3	3	3	3
cluster_1038	3	3	3	3	3	3	3	3	3	3	3	3
cluster_1039	4	4	4	4	4	4	4	4	4	4	4	4
cluster_1040	4	4	4	4	4	4	4	4	4	4	4	4
cluster_1041	10	10	10	10	10	10	10	10	10	10	9	9
cluster_1042	4	4	4	4	4	4	4	4	4	4	4	4
cluster_1043	3	3	3	3	3	3	3	3	3	3	3	3
cluster_1044	8	8	8	8	8	8	8	8	8	8	8	8
cluster_1045	3	3	3	3	3	3	3	3	3	3	3	3
cluster_1046	8	8	8	8	8	8	8	8	8	8	8	8
cluster_1047	11	11	11	11	11	11	11	11	11	11	11	11
cluster_1048	4	4	4	4	4	4	4	4	4	4	3	3
cluster_1049	4	4	4	4	4	4	4	4	4	4	4	4
cluster_1050	3	3	3	3	3	3	3	3	3	3	3	3
cluster_1051	36	36	36	36	36	36	36	36	36	36	35	36
cluster_1052	3	3	3	3	3	3	3	3	3	3	3	3
cluster_1053	3	3	3	3	3	3	3	3	3	3	3	3
cluster_1054	1	1	1	1	1	1	1	1	1	1	1	1
cluster_1055	4	4	4	4	4	4	4	4	4	4	4	4
cluster_1056	10	10	10	10	10	10	10	10	10	10	10	9
cluster_1057	2	2	2	2	2	2	2	2	2	2	2	2
cluster_1058	6	6	6	6	6	6	6	6	6	6	6	6
cluster_1059	4	4	4	4	4	4	3	3	4	3	3	3
cluster_1060	4	4	4	4	4	4	4	4	4	4	4	4
cluster_1061	12	12	12	12	12	12	12	12	12	12	12	12
cluster_1062	5	4	4	4	4	4	4	4	4	4	4	4
cluster_1063	1	1	1	1	1	1	1	1	1	1	1	1
cluster_1064	6	6	6	6	6	6	6	6	6	6	6	6
cluster_1065	1	1	1	1	1	1	1	1	1	1	1	1
cluster_1066	8	8	8	8	8	8	8	8	8	8	6	6
cluster_1067	4	4	4	4	4	4	4	4	4	4	4	4
cluster_1068	1	1	1	1	1	1	1	1	1	1	1	1
cluster_1069	3	3	3	3	3	3	3	3	3	3	3	3
cluster_1070	1	1	1	1	1	1	1	1	1	1	1	1
cluster_1071	27	27	27	27	27	26	25	27	27	27	25	25
cluster_1072	7	6	6	6	6	6	6	6	6	6	6	6
cluster_1073	1	1	1	1	1	1	1	1	1	1	1	1
cluster_1074	2	2	2	2	2	2	2	2	2	2	2	2
cluster_1075	2	2	2	2	2	2	2	2	2	2	2	2
cluster_1076	1	1	1	1	1	1	1	1	1	1	1	1
cluster_1077	6	6	6	6	6	6	6	6	6	6	6	6
cluster_1078	8	7	7	6	7	6	5	7	6	6	4	4
cluster_1079	4	4	4	4	4	4	4	4	4	4	4	4
cluster_1080	11	11	11	11	11	11	11	11	11	11	11	11
cluster_1081	2	2	2	2	2	2	2	2	2	2	2	2
cluster_1082	1	1	1	1	1	1	1	1	1	1	1	1
cluster_1083	2	2	2	2	2	2	2	2	2	2	2	2
cluster_1084	28	28	28	28	28	28	28	27	27	27	27	26
cluster_1085	22	21	21	21	21	21	21	21	21	21	21	21
cluster_1086	2	2	2	2	2	2	2	2	2	2	2	2
cluster_1087	3	3	3	3	3	3	3	3	3	3	3	3
cluster_1088	11	11	11	11	11	11	11	10	11	10	9	8
cluster_1089	1	1	1	1	1	1	1	1	1	1	1	1
cluster_1090	3	3	3	3	3	3	3	3	3	3	3	3
cluster_1091	7	4	4	4	4	4	4	4	4	4	4	4
cluster_1092	4	4	4	4	4	4	4	4	4	4	4	4
cluster_1093	3	3	3	3	3	3	3	3	3	3	3	3
cluster_1094	7	6	6	6	6	6	6	6	6	6	2	2
cluster_1095	3	3	3	3	3	3	3	3	3	3	3	3
cluster_1096	7	7	7	7	7	7	7	7	7	7	7	7
cluster_1097	1	1	1	1	1	1	1	1	1	1	1	1
cluster_1098	4	4	4	4	4	4	4	4	4	4	3	3
cluster_1099	4	4	4	4	4	4	4	4	4	4	4	4
cluster_1100	41	41	41	41	41	41	41	41	41	41	38	37
cluster_1101	13	13	13	13	13	13	13	13	13	13	13	13
cluster_1102	10	6	6	6	6	6	6	6	6	6	6	6
cluster_1103	10	10	10	10	10	10	10	10	10	10	10	10
cluster_1104	32	32	32	32	32	32	32	32	32	32	32	28
cluster_1105	12	12	12	12	12	12	12	12	12	12	12	12
cluster_1106	5	5	5	5	5	5	5	5	5	5	5	5
cluster_1107	1	1	1	1	1	1	1	1	1	1	1	1
cluster_1108	20	20	20	20	20	20	20	20	20	20	12	16
cluster_1109	5	5	5	5	5	5	5	5	5	5	4	4
cluster_1110	3	3	3	3	3	3	3	3	3	3	3	3
cluster_1111	2	2	2	2	2	2	2	2	2	2	2	2
cluster_1112	1	1	1	1	1	1	1	1	1	1	1	1
cluster_1113	8	8	8	8	8	8	8	8	8	8	8	8
cluster_1114	1	1	1	1	1	1	1	1	1	1	1	1
cluster_1115	5	5	5	5	5	5	5	5	5	5	5	5
cluster_1116	3	3	3	3	3	3	3	3	3	3	3	3
cluster_1117	6	6	6	6	6	6	6	6	6	6	6	6
cluster_1118	6	6	6	6	6	6	6	6	6	6	6	6
cluster_1119	8	8	8	8	8	8	8	8	8	8	8	8
cluster_1120	22	22	22	22	22	22	20	22	22	22	18	18
cluster_1121	40	40	40	40	40	40	40	40	40	40	40	40
cluster_1122	1	1	1	1	1	1	1	1	1	1	1	1
cluster_1123	8	8	8	8	8	8	8	8	8	8	8	8
cluster_1124	1	1	1	1	1	1	1	1	0	1	0	1
cluster_1125	8	8	8	8	8	8	8	8	8	8	8	8
cluster_1126	3	3	3	3	3	3	3	3	3	3	3	3
cluster_1127	2	2	2	2	2	2	2	2	2	2	2	2
cluster_1128	3	2	2	2	2	2	2	2	2	2	2	2
cluster_1129	3	3	3	3	3	3	3	3	3	3	3	3
cluster_1130	5	5	5	5	5	5	5	5	5	5	5	5
cluster_1131	3	3	3	3	3	3	3	3	3	3	3	3
cluster_1132	6	6	6	6	6	6	6	6	6	6	6	6
cluster_1133	8	8	8	8	8	8	8	8	8	8	8	8
cluster_1134	18	18	18	18	18	17	13	18	18	18	12	12
cluster_1135	4	4	4	4	4	4	4	4	4	4	4	4
cluster_1136	13	13	13	13	13	13	13	13	13	13	10	8
cluster_1137	1	1	1	1	1	1	1	1	1	1	1	1
cluster_1138	3	3	3	3	3	2	2	3	3	3	2	2
cluster_1139	4	4	4	4	4	4	4	4	4	4	4	4
cluster_1140	6	6	6	6	6	6	6	6	6	6	6	6
cluster_1141	3	3	3	3	3	3	3	3	3	3	3	3
cluster_1142	1	1	1	1	1	1	1	1	1	1	1	1
cluster_1143	7	6	6	6	6	6	6	6	6	6	6	6
cluster_1144	4	4	4	4	4	4	4	4	4	4	4	4
cluster_1145	1	1	1	1	1	1	1	1	1	1	1	1
cluster_1146	26	26	26	26	26	26	26	26	26	25	19	25
cluster_1147	12	12	12	12	12	12	12	12	12	12	12	12
cluster_1148	36	34	33	32	33	32	32	34	32	32	30	28
cluster_1149	19	18	18	18	18	18	18	18	18	18	18	18
cluster_1150	4	4	4	4	4	4	4	4	3	4	3	3
cluster_1151	12	12	12	12	12	12	10	12	12	12	10	8
cluster_1152	14	14	14	14	14	14	14	14	14	14	14	14
cluster_1153	2	2	2	2	2	2	2	2	2	2	2	2
cluster_1154	2	2	2	2	2	2	2	2	2	2	2	2
cluster_1155	6	6	6	6	6	6	6	6	6	6	6	6
cluster_1156	24	24	24	24	24	24	24	24	24	24	24	21
cluster_1157	8	8	8	8	8	8	8	8	8	8	8	8
cluster_1158	16	16	16	16	16	16	16	16	16	16	16	16
cluster_1159	1	1	1	1	1	1	1	1	1	1	1	1
cluster_1160	8	8	8	8	8	8	8	8	8	8	8	8
cluster_1161	2	2	2	2	2	2	2	2	2	2	2	2
cluster_1162	5	5	5	5	5	5	5	5	5	5	5	5
cluster_1163	1	1	1	1	1	1	1	1	1	1	1	1
cluster_1164	4	4	4	4	4	4	4	4	4	4	4	4
cluster_1165	2	2	2	2	2	2	2	2	2	2	2	2
cluster_1166	2	2	2	2	2	2	2	2	2	2	2	2
cluster_1167	2	2	2	2	2	2	2	2	2	2	1	1
cluster_1168	3	3	3	3	3	3	3	3	3	3	3	3
cluster_1169	3	3	3	3	3	3	3	3	3	3	3	3
cluster_1170	9	8	8	8	8	7	7	8	8	8	7	7
cluster_1171	3	3	3	3	3	3	3	3	3	3	3	3
cluster_1172	4	4	4	4	4	4	4	4	4	4	4	4
cluster_1173	12	12	12	12	12	12	12	12	12	12	11	12
cluster_1174	1	1	1	1	1	1	1	1	1	1	1	1
cluster_1175	4	4	4	4	4	4	4	4	4	4	4	4
cluster_1176	1	1	1	1	1	1	1	1	1	1	1	1
cluster_1177	3	3	3	3	3	3	3	3	3	3	2	3
cluster_1178	6	6	6	6	6	6	6	6	6	6	6	6
cluster_1179	7	7	7	7	7	7	7	7	7	7	6	7
cluster_1180	16	14	14	14	14	14	14	14	14	14	14	14
cluster_1181	8	8	8	8	8	8	8	8	8	8	8	8
cluster_1182	31	31	31	30	31	29	28	30	31	30	24	26
cluster_1183	17	17	17	17	17	17	17	17	17	17	17	17
cluster_1184	18	18	18	18	18	18	18	18	18	18	18	18
cluster_1185	2	2	2	2	2	2	2	2	2	2	2	2
cluster_1186	3	3	3	3	3	3	3	3	3	3	3	3
cluster_1187	8	4	4	4	2	2	2	4	4	4	2	2
cluster_1188	1	1	1	1	1	1	1	1	1	1	1	1
cluster_1189	4	4	4	4	4	4	4	4	4	4	4	4
cluster_1190	4	4	4	4	4	4	4	4	4	4	4	4
cluster_1191	2	2	2	2	2	2	2	2	2	2	2	2
cluster_1192	1	1	1	1	1	1	1	1	1	1	1	1
cluster_1193	3	3	3	3	3	3	3	3	3	3	3	3
cluster_1194	8	8	8	8	8	8	8	8	8	8	8	8
cluster_1195	3	3	3	3	3	3	3	3	3	3	3	3
cluster_1196	4	4	4	4	4	4	4	4	4	4	4	4
cluster_1197	3	3	3	3	3	3	3	3	3	3	3	3
cluster_1198	4	4	4	4	4	4	4	4	4	4	4	4
cluster_1199	4	4	4	4	4	4	4	4	4	4	4	3
cluster_1200	8	8	8	8	8	8	7	8	8	8	7	7
cluster_1201	2	0	0	0	0	0	0	0	0	0	0	0
cluster_1202	7	7	7	7	7	7	7	7	7	7	6	7
cluster_1203	4	4	4	4	4	4	4	4	4	4	4	4
cluster_1204	5	5	5	5	5	5	5	5	5	5	5	5
cluster_1205	5	5	5	5	5	5	5	5	5	5	5	5
cluster_1206	11	11	11	11	11	11	9	11	11	11	7	7
cluster_1207	1	1	1	1	1	1	1	1	1	1	1	1
cluster_1208	3	3	3	3	3	3	3	3	3	3	3	3
cluster_1209	21	20	20	19	19	19	19	20	20	19	17	17
cluster_1210	6	6	6	6	6	6	6	6	6	6	6	6
cluster_1211	19	19	19	19	19	19	19	19	19	19	17	17
cluster_1212	11	10	10	10	10	10	10	10	10	10	10	10
cluster_1213	2	2	2	2	2	2	2	2	2	2	2	2
cluster_1214	15	14	14	14	14	14	14	14	14	14	14	14
cluster_1215	3	3	3	3	3	3	3	3	3	3	3	3
cluster_1216	3	3	3	3	3	3	3	3	3	3	3	3
cluster_1217	2	2	2	2	2	2	2	2	2	2	2	2
cluster_1218	2	2	2	2	2	2	2	2	2	2	2	2
cluster_1219	18	18	18	18	18	18	18	18	18	18	17	17
cluster_1220	32	32	32	32	32	32	32	32	32	32	32	32
cluster_1221	2	2	2	2	2	2	2	2	2	2	2	2
cluster_1222	19	18	17	17	17	14	14	17	18	16	13	14
cluster_1223	2	2	2	2	2	2	2	2	2	2	2	2
cluster_1224	4	4	4	4	4	4	4	4	4	4	4	4
cluster_1225	16	15	15	15	15	14	14	15	15	15	13	13
cluster_1226	7	7	7	7	7	7	7	7	7	7	7	7
cluster_1227	4	4	4	4	4	4	4	4	4	4	4	4
cluster_1228	2	2	2	2	2	2	2	2	2	2	2	2
cluster_1229	1	1	1	1	1	1	1	1	1	1	1	1
cluster_1230	3	3	3	3	3	3	3	3	3	3	3	3
cluster_1231	23	23	23	23	23	23	23	23	23	23	22	23
cluster_1232	3	3	3	3	3	3	3	3	3	3	3	3
cluster_1233	13	13	13	12	13	12	12	12	12	13	12	12
cluster_1234	2	2	2	2	2	2	2	2	2	2	2	2
cluster_1235	3	3	3	3	3	3	3	3	3	3	3	3
cluster_1236	4	3	3	3	3	3	3	3	3	3	3	3
cluster_1237	4	4	4	4	4	4	4	4	4	4	4	4
cluster_1238	1	1	1	1	1	1	1	1	1	1	1	1
cluster_1239	5	5	5	5	5	5	5	5	5	5	5	5
cluster_1240	2	2	2	2	2	2	2	2	2	2	2	2
cluster_1241	3	3	3	3	3	3	3	3	3	3	3	3
cluster_1242	13	13	13	13	13	13	13	13	13	13	13	13
cluster_1243	1	1	1	1	1	1	1	1	1	1	1	1
cluster_1244	6	0	0	0	0	0	0	0	0	0	0	0
