Family	Gene
OG0000000	FBgn0053848
OG0000000	FBgn0053827
OG0000000	FBgn0053812
OG0000000	FBgn0051613
OG0000000	FBgn0053824
OG0000000	FBgn0053836
OG0000000	FBgn0053839
OG0000000	FBgn0053845
OG0000000	FBgn0053857
OG0000000	FBgn0053803
OG0000000	FBgn0053833
OG0000000	FBgn0053815
OG0000000	FBgn0014857
OG0000000	FBgn0053818
OG0000000	FBgn0053809
OG0000000	FBgn0053851
OG0000000	FBgn0053806
OG0000002	FBgn0053835
OG0000002	FBgn0053817
OG0000002	FBgn0053832
OG0000002	FBgn0053844
OG0000002	FBgn0053814
OG0000002	FBgn0053865
OG0000002	FBgn0053826
OG0000002	FBgn0053808
OG0000002	FBgn0053841
OG0000002	FBgn0053850
OG0000003	FBgn0053889
OG0000003	FBgn0053887
OG0000003	FBgn0053883
OG0000003	FBgn0053879
OG0000003	FBgn0053905
OG0000003	FBgn0053891
OG0000003	FBgn0053899
OG0000003	FBgn0053877
OG0000003	FBgn0053909
OG0000003	FBgn0053901
OG0000003	FBgn0053871
OG0000003	FBgn0053903
OG0000003	FBgn0053873
OG0000003	FBgn0053869
OG0000003	FBgn0053895
OG0000003	FBgn0053897
OG0000004	FBgn0053892
OG0000004	FBgn0061209
OG0000004	FBgn0053874
OG0000004	FBgn0053882
OG0000004	FBgn0053906
OG0000004	FBgn0053908
OG0000004	FBgn0053894
OG0000004	FBgn0053902
OG0000004	FBgn0053868
OG0000004	FBgn0053896
OG0000004	FBgn0053878
OG0000004	FBgn0053900
OG0000004	FBgn0053888
OG0000004	FBgn0053898
OG0000004	FBgn0053884
OG0000004	FBgn0053872
OG0000004	FBgn0053890
OG0000004	FBgn0053904
OG0000004	FBgn0053880
OG0000004	FBgn0053876
OG0000004	FBgn0053886
OG0000004	FBgn0053910
OG0000004	FBgn0053870
OG0000005	FBgn0053483
OG0000005	FBgn0053922
OG0000005	FBgn0053798
OG0000005	FBgn0053912
OG0000005	FBgn0053764
OG0000005	FBgn0053920
OG0000005	FBgn0053463
OG0000005	FBgn0053658
OG0000005	FBgn0053654
OG0000005	FBgn0053632
OG0000005	FBgn0053923
OG0000005	FBgn0053723
OG0000005	FBgn0053773
OG0000005	FBgn0053777
OG0000010	FBgn0000043
OG0000011	FBgn0039091
OG0000011	FBgn0033792
OG0000011	FBgn0039093
OG0000011	FBgn0053337
OG0000011	FBgn0039092
OG0000011	FBgn0038873
OG0000011	FBgn0031032
OG0000012	FBgn0005778
OG0000013	FBgn0284408
OG0000014	FBgn0010549
OG0000016	FBgn0038020
OG0000017	FBgn0261293
OG0000017	FBgn0261294
OG0000017	FBgn0261292
OG0000018	FBgn0013733
OG0000021	FBgn0004429
OG0000021	FBgn0004431
OG0000021	FBgn0004430
OG0000040	FBgn0053796
OG0000040	FBgn0053725
OG0000050	FBgn0086611
OG0000050	FBgn0020640
OG0000050	FBgn0020639
OG0000050	FBgn0020638
OG0000050	FBgn0020637
OG0000051	FBgn0038349
OG0000061	FBgn0035642
OG0000061	FBgn0038733
OG0000061	FBgn0038730
OG0000061	FBgn0038731
OG0000064	FBgn0004780
OG0000064	FBgn0029811
OG0000084	FBgn0039436
OG0000084	FBgn0039437
OG0000086	FBgn0051807
OG0000088	FBgn0033238
OG0000088	FBgn0051960
OG0000093	FBgn0063496
OG0000095	FBgn0005666
OG0000097	FBgn0040368
OG0000102	FBgn0267363
OG0000120	FBgn0052984
OG0000120	FBgn0052985
OG0000141	FBgn0030697
OG0000142	FBgn0016694
OG0000165	FBgn0011244
OG0000166	FBgn0000277
OG0000166	FBgn0000276
OG0000167	FBgn0051202
OG0000175	FBgn0033297
OG0000176	FBgn0050054
OG0000181	FBgn0030479
OG0000181	FBgn0260944
OG0000192	FBgn0036749
OG0000208	FBgn0038790
OG0000218	FBgn0262357
OG0000218	FBgn0053532
OG0000218	FBgn0016675
OG0000218	FBgn0259958
OG0000222	FBgn0030104
OG0000259	FBgn0051779
OG0000260	FBgn0262873
OG0000260	FBgn0085358
OG0000260	FBgn0039666
OG0000264	FBgn0032095
OG0000264	FBgn0015770
OG0000270	FBgn0032638
OG0000270	FBgn0035496
OG0000270	FBgn0028517
OG0000270	FBgn0051827
OG0000270	FBgn0031471
OG0000272	FBgn0260646
OG0000288	FBgn0037722
OG0000300	FBgn0017448
OG0000305	FBgn0053500
OG0000305	FBgn0053271
OG0000305	FBgn0053270
OG0000305	FBgn0053272
OG0000305	FBgn0053269
OG0000316	FBgn0040984
OG0000316	FBgn0028537
OG0000316	FBgn0028855
OG0000316	FBgn0260954
OG0000327	FBgn0004403
OG0000327	FBgn0004404
OG0000331	FBgn0038445
OG0000331	FBgn0030918
OG0000348	FBgn0029856
OG0000351	FBgn0032827
OG0000362	FBgn0038849
OG0000362	FBgn0051207
OG0000377	FBgn0037101
OG0000410	FBgn0039777
OG0000410	FBgn0003357
OG0000410	FBgn0003356
OG0000410	FBgn0039778
OG0000423	FBgn0263748
OG0000438	FBgn0026141
OG0000443	FBgn0264743
OG0000444	FBgn0051872
OG0000444	FBgn0265264
OG0000444	FBgn0043825
OG0000449	FBgn0003885
OG0000452	FBgn0037696
OG0000464	FBgn0031049
OG0000464	FBgn0033691
OG0000466	FBgn0033074
OG0000510	FBgn0037915
OG0000510	FBgn0039010
OG0000510	FBgn0039518
OG0000518	FBgn0038239
OG0000518	FBgn0038241
OG0000518	FBgn0038240
OG0000519	FBgn0038005
OG0000519	FBgn0038236
OG0000519	FBgn0038007
OG0000519	FBgn0038006
OG0000520	FBgn0051164
OG0000520	FBgn0051424
OG0000520	FBgn0051423
OG0000573	FBgn0041624
OG0000573	FBgn0041625
OG0000573	FBgn0041623
OG0000587	FBgn0037975
OG0000587	FBgn0037974
OG0000611	FBgn0022361
OG0000618	FBgn0050458
OG0000626	FBgn0002534
OG0000626	FBgn0002535
OG0000630	FBgn0003175
OG0000635	FBgn0264744
OG0000635	FBgn0031610
OG0000646	FBgn0052625
OG0000646	FBgn0085312
OG0000671	FBgn0031195
OG0000683	FBgn0261703
OG0000684	FBgn0033512
OG0000699	FBgn0262536
OG0000699	FBgn0051680
OG0000699	FBgn0262484
OG0000699	FBgn0261058
OG0000699	FBgn0032868
OG0000706	FBgn0038218
OG0000717	FBgn0263219
OG0000798	FBgn0003378
OG0000798	FBgn0003377
OG0000816	FBgn0262485
OG0000816	FBgn0053252
OG0000816	FBgn0030599
OG0000816	FBgn0052588
OG0000834	FBgn0040503
OG0000874	FBgn0259189
OG0000875	FBgn0000427
OG0000886	FBgn0027598
OG0000889	FBgn0020643
OG0000889	FBgn0020644
OG0000895	FBgn0041004
OG0000905	FBgn0000541
OG0000912	FBgn0036218
OG0000938	FBgn0288741
OG0000938	FBgn0288738
OG0000938	FBgn0288731
OG0000938	FBgn0288737
OG0000938	FBgn0288740
OG0000938	FBgn0288746
OG0000938	FBgn0288739
OG0000938	FBgn0288735
OG0000938	FBgn0288743
OG0000938	FBgn0288733
OG0000938	FBgn0288734
OG0000938	FBgn0288742
OG0000938	FBgn0288744
OG0000938	FBgn0288745
OG0000938	FBgn0288747
OG0000938	FBgn0288729
OG0000938	FBgn0288736
OG0000938	FBgn0085693
OG0000938	FBgn0288730
OG0000938	FBgn0288732
OG0000938	FBgn0030524
OG0000938	FBgn0085521
OG0000963	FBgn0045501
OG0000963	FBgn0045497
OG0001009	FBgn0262101
OG0001009	FBgn0030048
OG0001024	FBgn0026080
OG0001027	FBgn0043576
OG0001027	FBgn0033327
OG0001043	FBgn0031689
OG0001043	FBgn0031688
OG0001052	FBgn0052462
OG0001068	FBgn0028866
OG0001068	FBgn0032551
OG0001068	FBgn0263041
OG0001071	FBgn0000568
OG0001090	FBgn0262736
OG0001101	FBgn0040950
OG0001140	FBgn0266446
OG0001140	FBgn0266451
OG0001149	FBgn0046214
OG0001149	FBgn0265047
OG0001170	FBgn0035667
OG0001170	FBgn0035666
OG0001174	FBgn0026392
OG0001174	FBgn0026391
OG0001186	FBgn0027280
OG0001195	FBgn0029694
OG0001195	FBgn0037910
OG0001196	FBgn0020906
OG0001200	FBgn0083968
OG0001210	FBgn0003862
OG0001234	FBgn0050090
OG0001234	FBgn0050088
OG0001234	FBgn0050087
OG0001294	FBgn0085480
OG0001294	FBgn0085481
OG0001302	FBgn0045486
OG0001302	FBgn0045485
OG0001302	FBgn0045487
OG0001316	FBgn0287720
OG0001321	FBgn0259193
OG0001323	FBgn0039551
OG0001327	FBgn0037912
OG0001337	FBgn0001235
OG0001347	FBgn0053092
OG0001349	FBgn0259736
OG0001382	FBgn0036785
OG0001427	FBgn0002873
OG0001428	FBgn0260995
OG0001440	FBgn0051524
OG0001440	FBgn0039783
OG0001470	FBgn0035581
OG0001488	FBgn0259184
OG0001491	FBgn0034330
OG0001491	FBgn0025583
OG0001491	FBgn0034329
OG0001492	FBgn0063497
OG0001536	FBgn0038069
OG0001536	FBgn0038067
OG0001536	FBgn0042207
OG0001537	FBgn0033323
OG0001537	FBgn0034156
OG0001538	FBgn0031804
OG0001553	FBgn0085371
OG0001560	FBgn0031313
OG0001645	FBgn0051419
OG0001645	FBgn0051418
OG0001648	FBgn0039647
OG0001682	FBgn0001078
OG0001714	FBgn0031169
OG0001761	FBgn0036913
OG0001785	FBgn0050438
OG0001795	FBgn0085488
OG0001802	FBgn0262035
OG0001808	FBgn0264747
OG0001808	FBgn0264748
OG0001808	FBgn0264746
OG0001817	FBgn0000566
OG0001825	FBgn0082585
OG0001895	FBgn0262009
OG0001895	FBgn0262010
OG0001925	FBgn0085201
OG0001947	FBgn0028987
OG0001947	FBgn0028986
OG0001950	FBgn0083965
OG0001950	FBgn0083966
OG0001956	FBgn0045473
OG0001965	FBgn0039592
OG0001995	FBgn0039325
OG0001995	FBgn0039324
OG0002006	FBgn0039347
OG0002013	FBgn0024329
OG0002027	FBgn0039368
OG0002027	FBgn0039369
OG0002047	FBgn0039744
OG0002047	FBgn0085346
OG0002079	FBgn0001258
OG0002085	FBgn0259230
OG0002085	FBgn0031373
OG0002129	FBgn0039739
OG0002178	FBgn0036389
OG0002193	FBgn0036170
OG0002253	FBgn0034566
OG0002284	FBgn0050048
OG0002318	FBgn0044812
OG0002318	FBgn0038838
OG0002318	FBgn0028396
OG0002320	FBgn0036177
OG0002320	FBgn0036176
OG0002320	FBgn0053267
OG0002335	FBgn0037063
OG0002338	FBgn0266436
OG0002338	FBgn0266437
OG0002375	FBgn0032632
OG0002394	FBgn0032843
OG0002394	FBgn0035216
OG0002396	FBgn0032834
OG0002396	FBgn0262140
OG0002412	FBgn0000244
OG0002429	FBgn0263022
OG0002429	FBgn0263023
OG0002439	FBgn0037461
OG0002439	FBgn0037460
OG0002441	FBgn0261808
OG0002471	FBgn0045443
OG0002488	FBgn0051948
OG0002568	FBgn0050058
OG0002568	FBgn0085341
OG0002573	FBgn0053194
OG0002573	FBgn0262595
OG0002625	FBgn0029939
OG0002633	FBgn0030351
OG0002633	FBgn0030350
OG0002637	FBgn0288700
OG0002648	FBgn0025390
OG0002649	FBgn0039941
OG0002661	FBgn0000163
OG0002701	FBgn0040528
OG0002701	FBgn0042182
OG0002787	FBgn0034807
OG0002787	FBgn0052834
OG0002803	FBgn0250789
OG0002888	FBgn0033115
OG0002913	FBgn0267861
OG0002917	FBgn0051935
OG0002938	FBgn0283442
OG0002949	FBgn0039994
OG0002950	FBgn0085476
OG0002951	FBgn0085461
OG0002951	FBgn0085462
OG0002975	FBgn0267490
OG0002975	FBgn0086915
OG0002975	FBgn0267493
OG0002975	FBgn0267412
OG0002975	FBgn0267411
OG0002975	FBgn0267413
OG0002975	FBgn0267491
OG0002975	FBgn0267492
OG0002975	FBgn0267417
OG0002997	FBgn0035868
OG0002999	FBgn0032879
OG0003004	FBgn0267378
OG0003074	FBgn0026398
OG0003074	FBgn0026397
OG0003090	FBgn0029172
OG0003108	FBgn0262023
OG0003108	FBgn0038509
OG0003110	FBgn0038523
OG0003110	FBgn0003375
OG0003144	FBgn0015795
OG0003184	FBgn0051213
OG0003221	FBgn0040255
OG0003221	FBgn0040253
OG0003221	FBgn0051002
OG0003283	FBgn0040309
OG0003298	FBgn0036640
OG0003302	FBgn0052081
OG0003310	FBgn0036467
OG0003310	FBgn0036468
OG0003335	FBgn0036495
OG0003335	FBgn0020509
OG0003338	FBgn0030684
OG0003380	FBgn0261993
OG0003398	FBgn0029989
OG0003398	FBgn0029986
OG0003399	FBgn0259108
OG0003407	FBgn0029952
OG0003465	FBgn0030278
OG0003465	FBgn0030277
OG0003653	FBgn0261402
OG0003704	FBgn0261016
OG0003801	FBgn0085374
OG0003810	FBgn0029728
OG0003811	FBgn0030320
OG0003813	FBgn0031701
OG0003813	FBgn0044811
OG0003813	FBgn0053117
OG0003814	FBgn0050395
OG0003817	FBgn0053246
OG0003817	FBgn0044817
OG0003817	FBgn0053242
OG0003817	FBgn0259817
OG0003817	FBgn0053245
OG0003817	FBgn0053247
OG0003817	FBgn0053244
OG0003817	FBgn0053238
OG0003817	FBgn0085506
OG0003817	FBgn0053237
OG0003817	FBgn0053243
OG0003817	FBgn0053236
OG0003817	FBgn0053239
OG0003817	FBgn0053241
OG0003817	FBgn0053240
OG0003857	FBgn0037004
OG0003857	FBgn0037003
OG0003925	FBgn0040725
OG0003925	FBgn0031277
OG0003925	FBgn0031276
OG0003943	FBgn0031337
OG0004018	FBgn0026323
OG0004294	FBgn0017545
OG0004433	FBgn0029853
OG0004565	FBgn0030600
OG0004592	FBgn0053282
OG0004599	FBgn0002948
OG0004734	FBgn0002283
OG0004831	FBgn0063923
OG0004886	FBgn0267042
OG0004886	FBgn0267050
OG0004886	FBgn0267047
OG0004886	FBgn0267048
OG0004886	FBgn0264309
OG0004886	FBgn0267044
OG0004886	FBgn0266647
OG0004886	FBgn0267046
OG0004886	FBgn0267045
OG0004886	FBgn0267043
OG0004886	FBgn0267049
OG0004922	FBgn0040837
OG0004928	FBgn0054002
OG0005000	FBgn0034532
OG0005002	FBgn0043534
OG0005002	FBgn0043535
OG0005050	FBgn0263742
OG0005050	FBgn0263741
OG0005099	FBgn0034705
OG0005103	FBgn0034657
OG0005105	FBgn0002715
OG0005225	FBgn0053124
OG0005225	FBgn0051262
OG0005231	FBgn0087011
OG0005271	FBgn0036622
OG0005278	FBgn0037071
OG0005366	FBgn0031986
OG0005373	FBgn0261357
OG0005373	FBgn0261358
OG0005610	FBgn0014342
OG0005823	FBgn0051272
OG0005836	FBgn0038797
OG0005887	FBgn0038470
OG0005942	FBgn0039045
OG0006024	FBgn0039083
OG0006149	FBgn0085280
OG0006227	FBgn0050381
OG0006246	FBgn0036016
OG0006286	FBgn0030247
OG0006406	FBgn0030455
OG0006588	FBgn0261387
OG0006782	FBgn0036290
OG0006864	FBgn0259748
OG0006864	FBgn0053265
OG0006921	FBgn0033861
OG0007074	FBgn0050145
OG0007074	FBgn0043536
OG0007170	FBgn0250842
OG0007300	FBgn0263021
OG0007300	FBgn0263020
OG0007352	FBgn0033640
OG0007395	FBgn0053530
OG0007565	FBgn0030420
OG0007572	FBgn0028864
OG0007572	FBgn0051780
OG0007572	FBgn0028514
OG0007584	FBgn0002868
OG0007593	FBgn0034255
OG0007741	FBgn0032625
OG0007742	FBgn0083942
OG0007742	FBgn0085198
OG0007768	FBgn0028856
OG0007772	FBgn0028645
OG0007773	FBgn0028935
OG0007799	FBgn0014076
OG0007830	FBgn0040719
OG0007884	FBgn0023415
OG0007885	FBgn0032331
OG0007937	FBgn0030984
OG0007947	FBgn0037283
OG0007958	FBgn0086365
OG0007962	FBgn0039568
OG0007997	FBgn0039629
OG0008017	FBgn0037406
OG0008026	FBgn0038508
OG0008034	FBgn0039597
OG0008051	FBgn0051294
OG0008065	FBgn0037531
OG0008351	FBgn0037759
OG0008446	FBgn0039355
OG0008525	FBgn0039582
OG0008533	FBgn0038888
OG0008533	FBgn0051438
OG0008574	FBgn0047351
OG0008647	FBgn0052670
OG0008652	FBgn0030889
OG0008656	FBgn0261609
OG0008668	FBgn0030594
OG0008741	FBgn0036808
OG0008743	FBgn0036793
OG0008789	FBgn0051659
OG0008800	FBgn0050356
OG0008803	FBgn0051131
OG0008803	FBgn0051253
OG0008812	FBgn0037668
OG0008817	FBgn0283728
OG0008951	FBgn0030614
OG0008967	FBgn0029946
OG0008994	FBgn0061200
OG0008999	FBgn0027795
OG0009034	FBgn0051702
OG0009034	FBgn0051703
OG0009091	FBgn0031139
OG0009175	FBgn0265267
OG0009215	FBgn0030938
OG0009223	FBgn0052601
OG0009223	FBgn0030563
OG0009223	FBgn0052598
OG0009223	FBgn0030538
OG0009223	FBgn0030566
OG0009305	FBgn0034428
OG0009305	FBgn0034426
OG0009320	FBgn0051851
OG0009321	FBgn0032505
OG0009519	FBgn0250867
OG0009531	FBgn0053322
OG0009582	FBgn0036765
OG0009624	FBgn0033047
OG0009789	FBgn0035545
OG0009815	FBgn0036766
OG0009816	FBgn0036764
OG0009834	FBgn0036232
OG0009942	FBgn0016053
OG0009944	FBgn0034725
OG0010085	FBgn0033573
OG0010088	FBgn0033599
OG0010167	FBgn0050050
OG0010236	FBgn0034486
OG0010244	FBgn0034296
OG0010268	FBgn0040063
OG0010280	FBgn0054038
OG0010317	FBgn0050274
OG0010349	FBgn0033856
OG0010420	FBgn0051720
OG0010482	FBgn0032835
OG0010503	FBgn0032609
OG0010508	FBgn0031128
OG0010512	FBgn0030846
OG0010516	FBgn0260768
OG0010523	FBgn0040233
OG0010524	FBgn0051832
OG0010527	FBgn0024987
OG0010529	FBgn0036705
OG0010531	FBgn0052106
OG0010535	FBgn0265362
OG0010552	FBgn0036575
OG0010554	FBgn0037013
OG0010563	FBgn0032364
OG0010564	FBgn0032365
OG0010579	FBgn0262366
OG0010583	FBgn0051821
OG0010585	FBgn0031467
OG0010586	FBgn0261571
OG0010588	FBgn0032624
OG0010591	FBgn0051661
OG0010592	FBgn0002021
OG0010606	FBgn0032065
OG0010610	FBgn0028544
OG0010647	FBgn0039452
OG0010648	FBgn0040608
OG0010649	FBgn0038386
OG0010653	FBgn0037670
OG0010660	FBgn0038567
OG0010673	FBgn0013953
OG0010691	FBgn0038775
OG0010704	FBgn0038756
OG0010732	FBgn0038257
OG0010738	FBgn0039029
OG0010755	FBgn0053213
OG0010757	FBgn0085318
OG0010759	FBgn0260759
OG0010764	FBgn0038186
OG0010776	FBgn0030537
OG0010779	FBgn0283469
OG0010786	FBgn0010296
OG0010791	FBgn0036093
OG0010796	FBgn0036874
OG0010797	FBgn0036870
OG0010798	FBgn0085285
OG0010809	FBgn0052450
OG0010816	FBgn0034966
OG0010818	FBgn0261531
OG0010818	FBgn0050334
OG0010826	FBgn0037284
OG0010828	FBgn0037923
OG0010834	FBgn0038273
OG0010843	FBgn0040828
OG0010857	FBgn0040056
OG0010865	FBgn0053339
OG0010878	FBgn0029940
OG0010887	FBgn0052718
OG0010890	FBgn0029590
OG0010890	FBgn0029589
OG0010900	FBgn0085464
OG0010907	FBgn0029521
OG0010909	FBgn0040904
OG0010909	FBgn0040905
OG0010917	FBgn0002576
OG0010918	FBgn0029660
OG0010920	FBgn0031155
OG0010924	FBgn0030661
OG0010926	FBgn0023523
OG0010932	FBgn0040349
OG0010938	FBgn0263830
OG0010946	FBgn0052668
OG0010957	FBgn0052792
OG0010961	FBgn0085211
OG0010967	FBgn0051041
OG0010968	FBgn0051021
OG0010969	FBgn0039812
OG0010990	FBgn0036782
OG0010991	FBgn0036807
OG0011006	FBgn0035440
OG0011014	FBgn0287423
OG0011028	FBgn0000355
OG0011045	FBgn0042131
OG0011048	FBgn0284444
OG0011053	FBgn0004168
OG0011056	FBgn0027788
OG0011064	FBgn0003353
OG0011069	FBgn0034200
OG0011070	FBgn0033650
OG0011073	FBgn0052391
OG0011095	FBgn0085273
OG0011099	FBgn0050424
OG0011108	FBgn0034456
OG0011110	FBgn0033404
OG0011112	FBgn0260762
OG0011113	FBgn0034867
OG0011124	FBgn0050488
OG0011125	FBgn0033904
OG0011126	FBgn0034951
OG0011161	FBgn0259202
OG0011167	FBgn0034950
OG0011170	FBgn0040755
OG0011187	FBgn0085222
OG0011189	FBgn0003140
OG0011196	FBgn0040092
OG0011197	FBgn0017414
OG0011198	FBgn0046294
OG0011198	FBgn0034206
OG0011200	FBgn0263032
OG0011200	FBgn0263033
OG0011210	FBgn0035014
OG0011211	FBgn0028561
OG0011213	FBgn0050065
OG0011224	FBgn0032313
OG0011242	FBgn0016660
OG0011245	FBgn0031786
OG0011251	FBgn0053458
OG0011251	FBgn0053459
OG0011258	FBgn0262612
OG0011259	FBgn0031127
OG0011260	FBgn0034965
OG0011261	FBgn0265373
OG0011262	FBgn0000246
OG0011273	FBgn0042146
OG0011273	FBgn0040365
OG0011279	FBgn0036969
OG0011279	FBgn0036970
OG0011281	FBgn0030462
OG0011287	FBgn0040694
OG0011289	FBgn0040801
OG0011291	FBgn0015025
OG0011294	FBgn0028952
OG0011295	FBgn0262002
OG0011298	FBgn0031592
OG0011299	FBgn0032577
OG0011301	FBgn0051789
OG0011303	FBgn0051926
OG0011305	FBgn0085212
OG0011306	FBgn0037085
OG0011315	FBgn0031746
OG0011316	FBgn0032538
OG0011317	FBgn0032457
OG0011318	FBgn0051858
OG0011321	FBgn0032322
OG0011325	FBgn0261837
OG0011328	FBgn0039616
OG0011331	FBgn0250846
OG0011333	FBgn0039598
OG0011334	FBgn0032484
OG0011335	FBgn0039821
OG0011336	FBgn0051205
OG0011340	FBgn0038945
OG0011345	FBgn0038468
OG0011348	FBgn0037985
OG0011350	FBgn0038741
OG0011356	FBgn0038113
OG0011357	FBgn0038114
OG0011359	FBgn0051493
OG0011361	FBgn0265201
OG0011368	FBgn0037841
OG0011376	FBgn0037669
OG0011377	FBgn0038709
OG0011378	FBgn0037365
OG0011394	FBgn0052591
OG0011399	FBgn0031108
OG0011401	FBgn0030385
OG0011402	FBgn0052655
OG0011403	FBgn0030374
OG0011408	FBgn0052079
OG0011412	FBgn0037169
OG0011414	FBgn0028569
OG0011415	FBgn0051924
OG0011421	FBgn0034284
OG0011428	FBgn0038944
OG0011431	FBgn0031512
OG0011439	FBgn0031085
OG0011441	FBgn0031101
OG0011443	FBgn0029840
OG0011444	FBgn0030316
OG0011445	FBgn0265417
OG0011448	FBgn0051698
OG0011451	FBgn0030443
OG0011454	FBgn0032894
OG0011459	FBgn0030607
OG0011462	FBgn0035380
OG0011464	FBgn0030014
OG0011469	FBgn0031654
OG0011470	FBgn0020508
OG0011471	FBgn0028943
OG0011472	FBgn0032525
OG0011473	FBgn0032519
OG0011477	FBgn0040366
OG0011479	FBgn0032090
OG0011484	FBgn0011576
OG0011486	FBgn0052573
OG0011493	FBgn0029644
OG0011498	FBgn0030511
OG0011504	FBgn0039670
OG0011509	FBgn0051077
OG0011513	FBgn0036085
OG0011514	FBgn0036668
OG0011520	FBgn0036717
OG0011521	FBgn0036712
OG0011522	FBgn0035426
OG0011531	FBgn0036768
OG0011539	FBgn0026361
OG0011543	FBgn0034759
OG0011544	FBgn0260767
OG0011547	FBgn0010388
OG0011555	FBgn0035279
OG0011558	FBgn0052246
OG0011560	FBgn0035582
OG0011565	FBgn0036156
OG0011566	FBgn0028668
OG0011568	FBgn0041231
OG0011570	FBgn0036956
OG0011573	FBgn0034898
OG0011575	FBgn0034956
OG0011577	FBgn0034935
OG0011578	FBgn0050287
OG0011583	FBgn0034502
OG0011584	FBgn0011555
OG0011591	FBgn0026386
OG0011592	FBgn0033280
OG0011593	FBgn0013772
OG0011596	FBgn0034924
OG0011604	FBgn0034290
OG0011606	FBgn0041237
OG0011609	FBgn0040093
OG0011611	FBgn0034152
OG0011612	FBgn0259967
OG0011613	FBgn0034785
OG0011614	FBgn0034128
OG0011615	FBgn0033261
OG0011616	FBgn0033820
OG0011618	FBgn0053125
OG0011619	FBgn0051933
OG0011625	FBgn0028862
OG0011626	FBgn0250903
OG0011630	FBgn0036670
OG0011630	FBgn0039367
OG0011633	FBgn0052382
OG0011633	FBgn0052383
OG0011645	FBgn0030103
OG0011647	FBgn0032282
OG0011649	FBgn0037396
OG0011651	FBgn0033202
OG0011654	FBgn0034005
OG0011654	FBgn0034880
OG0011656	FBgn0054051
OG0011657	FBgn0015230
OG0011662	FBgn0033459
OG0011663	FBgn0265668
OG0011663	FBgn0261925
OG0011667	FBgn0038979
OG0011667	FBgn0038978
OG0011670	FBgn0011239
OG0011672	FBgn0037486
OG0011674	FBgn0039782
OG0011675	FBgn0039887
OG0011676	FBgn0085322
OG0011677	FBgn0259954
OG0011677	FBgn0039077
OG0011678	FBgn0037617
OG0011683	FBgn0035458
OG0011685	FBgn0052373
OG0011691	FBgn0011725
OG0011702	FBgn0052228
OG0011704	FBgn0035907
OG0011707	FBgn0052263
OG0011709	FBgn0025874
OG0011714	FBgn0031678
OG0011715	FBgn0261523
OG0011716	FBgn0042186
OG0011719	FBgn0051897
OG0011721	FBgn0052987
OG0011722	FBgn0031721
OG0011723	FBgn0265968
OG0011724	FBgn0032188
OG0011725	FBgn0003087
OG0011726	FBgn0040096
OG0011727	FBgn0039428
OG0011729	FBgn0039703
OG0011730	FBgn0038507
OG0011731	FBgn0038505
OG0011732	FBgn0037714
OG0011737	FBgn0038558
OG0011739	FBgn0038179
OG0011741	FBgn0083984
OG0011743	FBgn0045471
OG0011744	FBgn0045470
OG0011745	FBgn0039129
OG0011747	FBgn0054027
OG0011748	FBgn0085307
OG0011748	FBgn0264832
OG0011749	FBgn0051269
OG0011750	FBgn0038011
OG0011751	FBgn0042105
OG0011752	FBgn0037498
OG0011753	FBgn0250845
OG0011754	FBgn0051206
OG0011755	FBgn0051099
OG0011758	FBgn0037827
OG0011761	FBgn0040531
OG0011762	FBgn0037988
OG0011764	FBgn0259740
OG0011765	FBgn0010044
OG0011767	FBgn0039059
OG0011768	FBgn0264426
OG0011769	FBgn0038942
OG0011772	FBgn0051380
OG0011773	FBgn0051464
OG0011774	FBgn0037439
OG0011776	FBgn0263048
OG0011777	FBgn0038697
OG0011778	FBgn0038414
OG0011779	FBgn0038345
OG0011780	FBgn0038361
OG0011781	FBgn0039599
OG0011782	FBgn0038512
OG0011783	FBgn0010403
OG0011785	FBgn0039707
OG0011787	FBgn0038189
OG0011792	FBgn0030071
OG0011798	FBgn0053278
OG0011799	FBgn0036471
OG0011801	FBgn0052203
OG0011802	FBgn0036924
OG0011804	FBgn0035969
OG0011806	FBgn0032211
OG0011809	FBgn0051955
OG0011810	FBgn0032304
OG0011811	FBgn0035138
OG0011812	FBgn0050099
OG0011813	FBgn0036858
OG0011813	FBgn0053460
OG0011814	FBgn0033497
OG0011817	FBgn0054033
OG0011818	FBgn0053469
OG0011821	FBgn0039042
OG0011823	FBgn0038151
OG0011824	FBgn0038377
OG0011826	FBgn0267649
OG0011828	FBgn0052058
OG0011830	FBgn0259701
OG0011831	FBgn0037005
OG0011834	FBgn0036466
OG0011837	FBgn0029727
OG0011838	FBgn0029729
OG0011840	FBgn0028899
OG0011844	FBgn0029968
OG0011852	FBgn0003747
OG0011853	FBgn0029703
OG0011854	FBgn0032972
OG0011855	FBgn0033326
OG0011860	FBgn0029535
OG0011861	FBgn0040341
OG0011862	FBgn0039943
OG0011863	FBgn0030836
OG0011864	FBgn0038123
OG0011866	FBgn0052633
OG0011867	FBgn0030297
OG0011868	FBgn0029642
OG0011869	FBgn0030905
OG0011870	FBgn0030899
OG0011872	FBgn0052602
OG0011873	FBgn0030097
OG0011874	FBgn0052572
OG0011875	FBgn0032143
OG0011876	FBgn0085313
OG0011877	FBgn0037844
OG0011880	FBgn0051014
OG0011882	FBgn0052459
OG0011884	FBgn0036925
OG0011885	FBgn0265268
OG0011886	FBgn0052199
OG0011887	FBgn0036075
OG0011888	FBgn0023197
OG0011890	FBgn0043577
OG0011891	FBgn0035645
OG0011892	FBgn0040814
OG0011893	FBgn0036586
OG0011894	FBgn0040794
OG0011895	FBgn0035782
OG0011896	FBgn0032896
OG0011897	FBgn0054057
OG0011899	FBgn0036949
OG0011901	FBgn0036203
OG0011902	FBgn0036160
OG0011903	FBgn0036154
OG0011905	FBgn0000216
OG0011906	FBgn0036015
OG0011908	FBgn0085271
OG0011912	FBgn0033880
OG0011913	FBgn0033865
OG0011914	FBgn0026393
OG0011917	FBgn0033449
OG0011918	FBgn0004181
OG0011919	FBgn0028567
OG0011921	FBgn0035257
OG0011923	FBgn0261858
OG0011926	FBgn0036221
OG0011928	FBgn0034829
OG0011929	FBgn0085225
OG0011930	FBgn0085245
OG0011931	FBgn0033659
OG0011932	FBgn0034866
OG0011937	FBgn0034326
OG0011938	FBgn0053704
OG0011939	FBgn0083951
OG0011940	FBgn0033371
OG0011941	FBgn0033278
OG0011943	FBgn0033330
OG0011944	FBgn0085253
OG0011949	FBgn0033993
OG0011950	FBgn0085261
OG0011951	FBgn0263849
OG0011951	FBgn0265877
OG0011952	FBgn0034327
OG0011956	FBgn0033221
OG0011958	FBgn0259711
OG0011959	FBgn0085233
OG0011960	FBgn0050416
OG0011961	FBgn0035070
OG0011964	FBgn0033651
OG0011965	FBgn0034153
OG0011966	FBgn0260770
OG0011967	FBgn0033953
OG0011968	FBgn0033950
OG0011969	FBgn0034774
OG0011970	FBgn0035795
OG0011971	FBgn0050484
OG0011972	FBgn0034415
OG0011973	FBgn0033541
OG0011974	FBgn0266525
OG0011975	FBgn0031441
OG0011978	FBgn0032269
OG0011979	FBgn0032221
OG0011981	FBgn0002856
OG0011983	FBgn0032824
OG0011985	FBgn0036806
OG0011987	FBgn0260777
OG0011988	FBgn0031176
OG0011994	FBgn0038012
OG0011995	FBgn0029816
OG0011996	FBgn0262976
OG0011998	FBgn0033279
OG0011999	FBgn0067903
OG0012002	FBgn0053136
OG0012006	FBgn0262513
OG0012009	FBgn0267429
OG0012011	FBgn0031483
OG0012012	FBgn0031264
OG0012014	FBgn0250835
OG0012018	FBgn0039319
OG0012018	FBgn0051370
OG0012020	FBgn0039798
OG0012021	FBgn0039711
OG0012024	FBgn0262858
OG0012026	FBgn0037183
OG0012027	FBgn0037180
OG0012027	FBgn0037178
OG0012030	FBgn0035571
OG0012030	FBgn0035608
OG0012031	FBgn0037650
OG0012041	FBgn0011640
OG0012042	FBgn0260870
OG0012042	FBgn0260873
OG0012042	FBgn0260867
OG0012042	FBgn0260869
OG0012042	FBgn0260868
OG0012058	FBgn0036528
OG0012059	FBgn0004592
OG0012061	FBgn0085191
OG0012062	FBgn0031305
OG0012064	FBgn0032626
OG0012065	FBgn0085194
OG0012066	FBgn0031468
OG0012068	FBgn0028853
OG0012069	FBgn0261683
OG0012070	FBgn0032853
OG0012074	FBgn0040649
OG0012076	FBgn0039577
OG0012077	FBgn0053099
OG0012078	FBgn0038892
OG0012079	FBgn0039041
OG0012080	FBgn0051231
OG0012082	FBgn0051174
OG0012083	FBgn0264741
OG0012084	FBgn0038051
OG0012085	FBgn0051510
OG0012086	FBgn0039273
OG0012087	FBgn0038527
OG0012088	FBgn0026563
OG0012089	FBgn0037675
OG0012093	FBgn0038773
OG0012095	FBgn0037996
OG0012097	FBgn0039264
OG0012098	FBgn0015008
OG0012100	FBgn0038038
OG0012102	FBgn0038097
OG0012104	FBgn0051139
OG0012105	FBgn0037562
OG0012106	FBgn0260766
OG0012107	FBgn0037455
OG0012108	FBgn0051244
OG0012109	FBgn0051245
OG0012111	FBgn0038209
OG0012116	FBgn0030949
OG0012117	FBgn0261806
OG0012123	FBgn0052107
OG0012124	FBgn0036310
OG0012125	FBgn0053770
OG0012126	FBgn0031345
OG0012128	FBgn0032472
OG0012129	FBgn0011822
OG0012130	FBgn0053475
OG0012131	FBgn0033301
OG0012133	FBgn0050178
OG0012134	FBgn0051281
OG0012137	FBgn0039088
OG0012139	FBgn0032385
OG0012140	FBgn0036248
OG0012141	FBgn0028664
OG0012142	FBgn0053703
OG0012144	FBgn0052320
OG0012147	FBgn0053768
OG0012152	FBgn0030756
OG0012155	FBgn0051674
OG0012157	FBgn0030620
OG0012160	FBgn0031620
OG0012161	FBgn0030438
OG0012162	FBgn0032967
OG0012164	FBgn0264738
OG0012164	FBgn0264739
OG0012165	FBgn0054028
OG0012166	FBgn0031134
OG0012167	FBgn0029645
OG0012172	FBgn0085438
OG0012173	FBgn0013343
OG0012174	FBgn0032522
OG0012175	FBgn0039811
OG0012177	FBgn0035970
OG0012179	FBgn0036057
OG0012180	FBgn0264303
OG0012181	FBgn0032964
OG0012182	FBgn0036747
OG0012183	FBgn0036731
OG0012185	FBgn0036527
OG0012187	FBgn0040797
OG0012188	FBgn0036610
OG0012190	FBgn0053233
OG0012192	FBgn0260430
OG0012194	FBgn0035585
OG0012195	FBgn0035553
OG0012198	FBgn0033818
OG0012200	FBgn0054030
OG0012202	FBgn0035139
OG0012203	FBgn0035544
OG0012204	FBgn0036332
OG0012205	FBgn0036422
OG0012207	FBgn0034820
OG0012208	FBgn0030931
OG0012209	FBgn0034665
OG0012210	FBgn0260455
OG0012211	FBgn0085243
OG0012212	FBgn0033588
OG0012215	FBgn0041242
OG0012217	FBgn0035042
OG0012221	FBgn0033644
OG0012222	FBgn0053348
OG0012224	FBgn0260222
OG0012225	FBgn0041239
OG0012226	FBgn0031613
OG0012227	FBgn0041235
OG0012228	FBgn0266811
OG0012229	FBgn0015584
OG0012234	FBgn0028944
OG0012235	FBgn0051815
OG0012237	FBgn0054043
OG0012238	FBgn0051875
OG0012242	FBgn0040972
OG0012243	FBgn0035151
OG0012245	FBgn0052283
OG0012245	FBgn0052282
OG0012247	FBgn0285896
OG0012248	FBgn0037106
OG0012249	FBgn0052452
OG0012251	FBgn0044810
OG0012253	FBgn0030647
OG0012254	FBgn0031026
OG0012255	FBgn0029700
OG0012256	FBgn0002933
OG0012256	FBgn0010294
OG0012257	FBgn0262365
OG0012258	FBgn0045442
OG0012261	FBgn0047199
OG0012262	FBgn0050414
OG0012263	FBgn0033756
OG0012264	FBgn0053792
OG0012265	FBgn0033875
OG0012267	FBgn0051313
OG0012268	FBgn0260226
OG0012269	FBgn0050472
OG0012270	FBgn0034973
OG0012272	FBgn0032080
OG0012273	FBgn0085343
OG0012277	FBgn0054011
OG0012279	FBgn0054041
OG0012280	FBgn0039622
OG0012282	FBgn0036861
OG0012283	FBgn0019828
OG0012298	FBgn0051406
OG0012299	FBgn0021776
OG0012300	FBgn0040628
OG0012301	FBgn0034691
OG0012302	FBgn0053309
OG0012304	FBgn0034918
OG0012305	FBgn0036496
OG0012306	FBgn0036440
OG0012307	FBgn0052074
OG0012307	FBgn0036138
OG0012319	FBgn0283461
OG0012321	FBgn0036390
OG0012322	FBgn0035239
OG0012323	FBgn0051949
OG0012325	FBgn0085199
OG0012326	FBgn0054049
OG0012328	FBgn0031844
OG0012329	FBgn0032161
OG0012330	FBgn0052845
OG0012331	FBgn0031129
OG0012332	FBgn0085329
OG0012335	FBgn0039378
OG0012338	FBgn0037500
OG0012341	FBgn0037320
OG0012343	FBgn0051358
OG0012347	FBgn0038547
OG0012348	FBgn0037724
OG0012350	FBgn0038356
OG0012354	FBgn0052603
OG0012363	FBgn0036091
OG0012364	FBgn0052115
OG0012365	FBgn0263387
OG0012366	FBgn0045500
OG0012367	FBgn0031751
OG0012368	FBgn0032294
OG0012370	FBgn0031389
OG0012371	FBgn0250841
OG0012372	FBgn0032533
OG0012373	FBgn0051128
OG0012374	FBgn0053626
OG0012375	FBgn0046697
OG0012379	FBgn0053631
OG0012380	FBgn0051404
OG0012381	FBgn0086917
OG0012383	FBgn0053284
OG0012384	FBgn0053702
OG0012385	FBgn0052102
OG0012386	FBgn0030016
OG0012387	FBgn0039421
OG0012389	FBgn0030222
OG0012394	FBgn0052726
OG0012395	FBgn0029987
OG0012396	FBgn0030441
OG0012397	FBgn0030223
OG0012401	FBgn0083961
OG0012403	FBgn0287645
OG0012404	FBgn0034205
OG0012405	FBgn0029661
OG0012406	FBgn0052806
OG0012407	FBgn0040031
OG0012408	FBgn0029539
OG0012409	FBgn0040514
OG0012412	FBgn0040391
OG0012413	FBgn0030643
OG0012417	FBgn0031513
OG0012418	FBgn0030296
OG0012420	FBgn0029669
OG0012421	FBgn0266977
OG0012422	FBgn0047338
OG0012423	FBgn0262842
OG0012425	FBgn0036711
OG0012426	FBgn0052650
OG0012427	FBgn0036186
OG0012428	FBgn0053490
OG0012430	FBgn0036403
OG0012431	FBgn0036438
OG0012433	FBgn0050110
OG0012435	FBgn0033885
OG0012438	FBgn0034120
OG0012439	FBgn0033458
OG0012442	FBgn0085296
OG0012442	FBgn0085297
OG0012443	FBgn0262679
OG0012444	FBgn0083992
OG0012445	FBgn0250836
OG0012446	FBgn0052249
OG0012447	FBgn0036443
OG0012449	FBgn0036212
OG0012450	FBgn0262098
OG0012451	FBgn0040674
OG0012452	FBgn0085217
OG0012453	FBgn0050486
OG0012454	FBgn0034551
OG0012456	FBgn0033283
OG0012458	FBgn0033285
OG0012459	FBgn0050365
OG0012460	FBgn0033275
OG0012463	FBgn0033701
OG0012464	FBgn0261587
OG0012465	FBgn0040775
OG0012466	FBgn0034651
OG0012469	FBgn0262568
OG0012470	FBgn0034202
OG0012471	FBgn0050073
OG0012472	FBgn0035022
OG0012473	FBgn0035161
OG0012474	FBgn0050485
OG0012475	FBgn0034413
OG0012476	FBgn0041702
OG0012477	FBgn0032286
OG0012478	FBgn0031526
OG0012479	FBgn0085204
OG0012480	FBgn0031531
OG0012481	FBgn0052829
OG0012482	FBgn0032669
OG0012483	FBgn0028850
OG0012485	FBgn0032439
OG0012486	FBgn0052313
OG0012487	FBgn0025676
OG0012488	FBgn0085298
OG0012490	FBgn0038850
OG0012491	FBgn0041232
OG0012492	FBgn0052259
OG0012493	FBgn0262985
OG0012494	FBgn0036311
OG0012495	FBgn0036459
OG0012496	FBgn0085315
OG0012498	FBgn0036929
OG0012499	FBgn0031104
OG0012500	FBgn0051681
OG0012501	FBgn0003060
OG0012502	FBgn0038033
OG0012503	FBgn0026063
OG0012504	FBgn0051477
OG0012506	FBgn0052641
OG0012506	FBgn0052640
OG0012509	FBgn0038068
OG0012510	FBgn0030667
OG0012512	FBgn0033076
OG0012516	FBgn0263084
OG0012517	FBgn0050018
OG0012518	FBgn0260436
OG0012519	FBgn0050075
OG0012521	FBgn0262816
OG0012522	FBgn0263000
OG0012525	FBgn0051785
OG0012526	FBgn0028900
OG0012527	FBgn0043532
OG0012528	FBgn0050447
OG0012530	FBgn0034841
OG0012531	FBgn0038612
OG0012532	FBgn0262359
OG0012535	FBgn0085192
OG0012536	FBgn0262352
OG0012538	FBgn0261566
OG0012539	FBgn0040106
OG0012540	FBgn0266598
OG0012545	FBgn0028857
OG0012547	FBgn0039519
OG0012548	FBgn0039593
OG0012549	FBgn0039760
OG0012550	FBgn0051050
OG0012551	FBgn0039332
OG0012552	FBgn0039108
OG0012553	FBgn0040682
OG0012554	FBgn0051551
OG0012556	FBgn0052219
OG0012557	FBgn0037464
OG0012572	FBgn0040784
OG0012573	FBgn0051860
OG0012574	FBgn0044809
OG0012575	FBgn0050323
OG0012577	FBgn0053669
OG0012577	FBgn0053666
OG0012577	FBgn0053665
OG0012577	FBgn0053667
OG0012577	FBgn0053668
OG0012577	FBgn0053664
OG0012579	FBgn0069969
OG0012580	FBgn0085305
OG0012581	FBgn0085339
OG0012584	FBgn0262960
OG0012600	FBgn0085277
OG0012601	FBgn0260968
OG0012602	FBgn0031409
OG0012603	FBgn0042133
OG0012604	FBgn0031472
OG0012608	FBgn0051797
OG0012609	FBgn0051776
OG0012610	FBgn0284082
OG0012611	FBgn0051606
OG0012612	FBgn0040967
OG0012614	FBgn0031365
OG0012616	FBgn0030979
OG0012618	FBgn0053093
OG0012620	FBgn0085317
OG0012621	FBgn0260229
OG0012622	FBgn0262104
OG0012623	FBgn0039323
OG0012624	FBgn0037828
OG0012625	FBgn0038158
OG0012626	FBgn0085310
OG0012627	FBgn0038078
OG0012631	FBgn0037449
OG0012632	FBgn0025821
OG0012633	FBgn0264836
OG0012634	FBgn0038415
OG0012635	FBgn0051546
OG0012636	FBgn0041780
OG0012637	FBgn0038204
OG0012638	FBgn0267339
OG0012640	FBgn0030543
OG0012641	FBgn0085352
OG0012642	FBgn0262787
OG0012644	FBgn0030664
OG0012645	FBgn0250825
OG0012646	FBgn0262478
OG0012647	FBgn0030215
OG0012648	FBgn0003741
OG0012653	FBgn0037195
OG0012656	FBgn0050369
OG0012659	FBgn0051093
OG0012661	FBgn0266174
OG0012665	FBgn0038656
OG0012666	FBgn0053643
OG0012667	FBgn0028377
OG0012669	FBgn0043533
OG0012670	FBgn0036531
OG0012671	FBgn0052024
OG0012673	FBgn0028416
OG0012673	FBgn0028415
OG0012676	FBgn0029724
OG0012680	FBgn0086610
OG0012681	FBgn0031442
OG0012682	FBgn0085367
OG0012692	FBgn0030290
OG0012693	FBgn0040648
OG0012695	FBgn0025616
OG0012696	FBgn0029596
OG0012698	FBgn0030936
OG0012699	FBgn0029639
OG0012700	FBgn0266456
OG0012701	FBgn0051415
OG0012705	FBgn0036796
OG0012706	FBgn0262987
OG0012707	FBgn0036290
OG0012708	FBgn0263647
OG0012710	FBgn0085455
OG0012714	FBgn0033862
OG0012717	FBgn0052833
OG0012718	FBgn0034195
OG0012719	FBgn0085288
OG0012723	FBgn0259726
OG0012726	FBgn0262571
OG0012727	FBgn0034863
OG0012728	FBgn0050487
OG0012729	FBgn0262889
OG0012730	FBgn0042198
OG0012731	FBgn0261267
OG0012732	FBgn0050177
OG0012733	FBgn0034713
OG0012736	FBgn0265429
OG0012737	FBgn0085264
OG0012738	FBgn0028988
OG0012740	FBgn0034837
OG0012742	FBgn0262481
OG0012743	FBgn0050432
OG0012748	FBgn0261627
OG0012752	FBgn0033469
OG0012753	FBgn0266170
OG0012755	FBgn0035847
OG0012757	FBgn0266540
OG0012758	FBgn0052141
OG0012759	FBgn0014849
OG0012760	FBgn0040637
OG0012763	FBgn0037133
OG0012764	FBgn0004414
OG0012768	FBgn0050039
OG0012770	FBgn0038157
OG0012771	FBgn0011559
OG0012773	FBgn0052457
OG0012775	FBgn0266721
OG0012776	FBgn0037620
OG0012777	FBgn0030983
OG0012778	FBgn0030280
OG0012780	FBgn0038047
OG0012781	FBgn0052568
OG0012782	FBgn0026174
OG0012782	FBgn0026175
OG0012782	FBgn0031074
OG0012783	FBgn0030623
OG0012785	FBgn0263026
OG0012786	FBgn0083141
OG0012787	FBgn0085248
OG0012788	FBgn0033167
OG0012789	FBgn0033145
OG0012790	FBgn0263829
OG0012792	FBgn0011694
OG0012793	FBgn0034998
OG0012794	FBgn0260761
OG0012796	FBgn0033683
OG0012797	FBgn0033905
OG0012799	FBgn0259718
OG0012800	FBgn0050286
OG0012801	FBgn0051742
OG0012802	FBgn0032899
OG0012803	FBgn0051693
OG0012804	FBgn0053109
OG0012806	FBgn0051788
OG0012807	FBgn0032660
OG0012808	FBgn0265835
OG0012809	FBgn0034082
OG0012810	FBgn0050083
OG0012811	FBgn0050430
OG0012814	FBgn0262001
OG0012815	FBgn0053121
OG0012816	FBgn0260466
OG0012817	FBgn0003313
OG0012818	FBgn0085193
OG0012819	FBgn0264432
OG0012822	FBgn0051709
OG0012823	FBgn0032115
OG0012824	FBgn0041183
OG0012825	FBgn0032549
OG0012826	FBgn0031597
OG0012827	FBgn0043539
OG0012828	FBgn0051664
OG0012829	FBgn0031331
OG0012830	FBgn0045498
OG0012831	FBgn0051538
OG0012832	FBgn0042106
OG0012833	FBgn0051413
OG0012836	FBgn0040102
OG0012837	FBgn0037576
OG0012838	FBgn0000094
OG0012840	FBgn0039472
OG0012841	FBgn0040343
OG0012843	FBgn0085362
OG0012844	FBgn0037150
OG0012845	FBgn0053710
OG0012846	FBgn0004590
OG0012847	FBgn0052192
OG0012848	FBgn0036447
OG0012849	FBgn0037463
OG0012850	FBgn0261502
OG0012851	FBgn0052243
OG0012852	FBgn0035455
OG0012853	FBgn0035789
OG0012881	FBgn0051909
OG0012881	FBgn0264344
OG0012882	FBgn0051907
OG0012883	FBgn0051495
OG0012884	FBgn0025571
OG0012886	FBgn0034179
OG0012887	FBgn0034204
OG0012888	FBgn0052706
OG0012888	FBgn0030085
OG0012889	FBgn0030195
OG0012890	FBgn0033222
OG0012891	FBgn0028687
OG0012894	FBgn0053461
OG0012894	FBgn0053462
OG0012895	FBgn0040009
OG0012896	FBgn0083941
OG0012896	FBgn0034900
OG0012897	FBgn0083974
OG0012898	FBgn0063368
OG0012899	FBgn0085207
OG0012900	FBgn0085328
OG0012902	FBgn0260996
OG0012903	FBgn0262613
OG0012904	FBgn0262788
OG0012905	FBgn0262846
OG0012907	FBgn0050187
OG0012908	FBgn0264433
OG0012909	FBgn0265313
OG0012910	FBgn0266490
OG0012911	FBgn0015586
OG0012912	FBgn0036131
OG0012912	FBgn0052071
OG0012913	FBgn0010431
OG0012946	FBgn0262786
OG0012949	FBgn0085197
OG0012950	FBgn0264990
OG0012950	FBgn0264989
OG0012953	FBgn0032265
OG0012954	FBgn0250826
OG0012959	FBgn0040565
OG0012960	FBgn0087041
OG0012966	FBgn0038242
OG0012967	FBgn0264903
OG0012972	FBgn0085332
OG0012978	FBgn0052651
OG0012980	FBgn0040393
OG0012992	FBgn0265608
OG0012995	FBgn0069938
OG0012998	FBgn0262874
OG0013005	FBgn0085321
OG0013008	FBgn0064227
OG0013010	FBgn0262479
OG0013011	FBgn0040778
OG0013013	FBgn0040688
OG0013014	FBgn0259703
OG0013016	FBgn0261353
OG0013019	FBgn0262966
OG0013025	FBgn0085236
OG0013026	FBgn0050091
OG0013027	FBgn0050457
OG0013028	FBgn0262567
OG0013031	FBgn0262821
OG0013034	FBgn0261363
OG0013035	FBgn0037477
OG0013036	FBgn0051769
OG0013037	FBgn0032452
OG0013038	FBgn0267327
OG0013040	FBgn0035332
OG0013042	FBgn0250849
OG0013043	FBgn0052279
OG0013044	FBgn0035434
OG0013045	FBgn0085267
OG0013047	FBgn0003034
OG0013048	FBgn0036393
OG0013049	FBgn0036394
OG0013050	FBgn0266441
OG0013051	FBgn0036809
OG0013053	FBgn0023395
OG0013054	FBgn0287185
OG0013056	FBgn0262823
OG0013059	FBgn0032658
OG0013060	FBgn0051677
OG0013061	FBgn0052580
OG0013064	FBgn0051902
OG0013066	FBgn0038550
OG0013067	FBgn0038549
OG0013068	FBgn0038281
OG0013069	FBgn0263040
OG0013070	FBgn0260230
OG0013072	FBgn0037812
OG0013073	FBgn0030578
OG0013074	FBgn0030663
OG0013075	FBgn0031058
OG0013076	FBgn0027603
OG0013077	FBgn0287595
OG0013078	FBgn0250904
OG0013079	FBgn0029717
OG0013080	FBgn0003086
OG0013082	FBgn0010039
OG0013087	FBgn0032285
OG0013088	FBgn0031910
OG0013089	FBgn0031925
OG0013090	FBgn0040099
OG0013091	FBgn0032039
OG0013096	FBgn0035021
OG0013099	FBgn0034838
OG0013100	FBgn0262572
OG0013101	FBgn0260007
OG0013102	FBgn0262819
OG0013104	FBgn0260477
OG0013105	FBgn0038299
OG0013106	FBgn0050151
OG0013108	FBgn0034737
OG0013113	FBgn0050108
OG0013114	FBgn0050114
OG0013115	FBgn0262102
OG0013116	FBgn0051268
OG0013118	FBgn0262563
OG0013119	FBgn0053333
OG0013120	FBgn0053465
OG0013121	FBgn0034011
OG0013123	FBgn0033798
OG0013124	FBgn0085263
OG0013125	FBgn0050037
OG0013129	FBgn0053552
OG0013130	FBgn0034839
OG0013131	FBgn0034870
OG0013132	FBgn0034901
OG0013133	FBgn0040098
OG0013137	FBgn0032303
OG0013138	FBgn0032372
OG0013139	FBgn0289678
OG0013140	FBgn0040097
OG0013141	FBgn0262594
OG0013142	FBgn0053474
OG0013143	FBgn0002855
OG0013144	FBgn0031470
OG0013145	FBgn0041249
OG0013147	FBgn0040107
OG0013151	FBgn0037296
OG0013152	FBgn0039170
OG0013154	FBgn0020376
OG0013155	FBgn0031585
OG0013158	FBgn0052983
OG0013160	FBgn0262577
OG0013161	FBgn0027494
OG0013162	FBgn0261395
OG0013163	FBgn0260969
OG0013165	FBgn0039366
OG0013166	FBgn0052814
OG0013167	FBgn0040338
OG0013169	FBgn0262683
OG0013170	FBgn0286874
OG0013172	FBgn0051286
OG0013173	FBgn0085274
OG0013174	FBgn0262581
OG0013175	FBgn0036345
OG0013176	FBgn0036178
OG0013177	FBgn0035657
OG0013178	FBgn0035476
OG0013179	FBgn0052268
OG0013180	FBgn0052274
OG0013220	FBgn0023508
OG0013221	FBgn0029873
OG0013222	FBgn0051560
OG0013224	FBgn0028430
OG0013225	FBgn0038054
OG0013227	FBgn0052855
OG0013228	FBgn0038569
OG0013230	FBgn0034427
OG0013231	FBgn0052673
OG0013231	FBgn0067052
OG0013231	FBgn0030200
OG0013231	FBgn0052671
OG0013231	FBgn0030221
OG0013233	FBgn0050082
OG0013234	FBgn0034010
OG0013235	FBgn0033821
OG0013236	FBgn0033519
OG0013237	FBgn0033356
OG0013238	FBgn0053494
OG0013240	FBgn0030761
OG0013242	FBgn0053795
OG0013244	FBgn0054031
OG0013245	FBgn0083977
OG0013246	FBgn0085359
OG0013247	FBgn0260871
OG0013247	FBgn0085361
OG0013248	FBgn0250832
OG0013249	FBgn0250868
OG0013250	FBgn0259148
OG0013251	FBgn0259739
OG0013251	FBgn0263250
OG0013251	FBgn0265046
OG0013252	FBgn0259970
OG0013252	FBgn0259971
OG0013254	FBgn0261506
OG0013255	FBgn0261537
OG0013257	FBgn0262790
OG0013258	FBgn0262811
OG0013259	FBgn0262854
OG0013260	FBgn0262986
OG0013262	FBgn0263841
OG0013264	FBgn0265836
OG0013265	FBgn0267255
OG0013266	FBgn0267428
OG0013267	FBgn0267430
OG0013268	FBgn0267432
OG0013269	FBgn0286877
OG0013270	FBgn0286933
OG0013272	FBgn0015585
OG0013273	FBgn0030960
OG0013274	FBgn0052170
OG0013275	FBgn0014851
OG0013277	FBgn0004584
OG0013343	FBgn0259917
OG0013352	FBgn0262900
OG0013358	FBgn0262100
OG0013362	FBgn0045468
OG0013372	FBgn0262827
OG0013373	FBgn0264545
OG0013373	FBgn0264544
OG0013387	FBgn0264540
OG0013392	FBgn0262843
OG0013396	FBgn0286873
OG0013405	FBgn0262544
OG0013408	FBgn0265469
OG0013414	FBgn0259708
OG0013417	FBgn0085302
OG0013420	FBgn0262487
OG0013424	FBgn0030207
OG0013427	FBgn0038144
OG0013431	FBgn0069056
OG0013432	FBgn0050289
OG0013433	FBgn0051804
OG0013437	FBgn0040737
OG0013439	FBgn0085219
OG0013451	FBgn0262583
OG0013452	FBgn0037552
OG0013453	FBgn0053296
OG0013457	FBgn0011832
OG0013464	FBgn0262605
OG0013469	FBgn0039498
OG0013472	FBgn0262576
OG0013476	FBgn0036320
OG0013478	FBgn0004172
OG0013479	FBgn0047330
OG0013555	FBgn0037179
OG0013558	FBgn0032122
OG0013559	FBgn0051759
OG0013560	FBgn0052971
OG0013561	FBgn0051809
OG0013561	FBgn0051810
OG0013562	FBgn0051806
OG0013563	FBgn0032748
OG0013566	FBgn0053325
OG0013567	FBgn0038214
OG0013568	FBgn0038389
OG0013569	FBgn0051220
OG0013570	FBgn0051219
OG0013571	FBgn0011596
OG0013572	FBgn0039101
OG0013573	FBgn0011668
OG0013574	FBgn0039371
OG0013576	FBgn0034221
OG0013577	FBgn0053225
OG0013578	FBgn0050288
OG0013579	FBgn0026754
OG0013580	FBgn0033979
OG0013581	FBgn0033948
OG0013582	FBgn0023171
OG0013583	FBgn0033165
OG0013585	FBgn0043530
OG0013588	FBgn0053721
OG0013589	FBgn0050098
OG0013591	FBgn0083938
OG0013592	FBgn0001313
OG0013593	FBgn0085195
OG0013594	FBgn0085235
OG0013595	FBgn0085468
OG0013596	FBgn0085473
OG0013598	FBgn0259201
OG0013599	FBgn0259922
OG0013600	FBgn0259962
OG0013601	FBgn0260228
OG0013602	FBgn0260428
OG0013603	FBgn0260429
OG0013604	FBgn0260431
OG0013605	FBgn0260643
OG0013607	FBgn0260955
OG0013608	FBgn0261060
OG0013608	FBgn0262363
OG0013610	FBgn0261580
OG0013611	FBgn0261583
OG0013612	FBgn0261614
OG0013613	FBgn0261704
OG0013614	FBgn0261805
OG0013615	FBgn0261840
OG0013616	FBgn0261843
OG0013617	FBgn0261860
OG0013619	FBgn0261932
OG0013620	FBgn0262000
OG0013621	FBgn0262143
OG0013621	FBgn0263596
OG0013622	FBgn0262351
OG0013623	FBgn0262824
OG0013624	FBgn0262837
OG0013625	FBgn0262855
OG0013628	FBgn0262983
OG0013629	FBgn0262984
OG0013630	FBgn0263004
OG0013633	FBgn0263206
OG0013634	FBgn0263247
OG0013634	FBgn0263248
OG0013635	FBgn0263314
OG0013636	FBgn0034802
OG0013637	FBgn0263743
OG0013638	FBgn0263750
OG0013639	FBgn0263999
OG0013642	FBgn0264427
OG0013644	FBgn0264699
OG0013646	FBgn0264897
OG0013648	FBgn0265188
OG0013649	FBgn0265263
OG0013650	FBgn0265265
OG0013652	FBgn0266491
OG0013653	FBgn0266492
OG0013654	FBgn0266591
OG0013655	FBgn0266962
OG0013656	FBgn0267651
OG0013658	FBgn0286875
OG0013659	FBgn0286939
OG0013660	FBgn0287597
OG0013663	FBgn0052639
OG0013664	FBgn0030880
OG0013665	FBgn0036962
OG0013667	FBgn0036474
OG0013668	FBgn0052099
OG0013669	FBgn0036273
OG0013670	FBgn0035988
OG0013671	FBgn0052507
OG0013673	FBgn0040723
OG0013756	FBgn0259952
OG0013757	FBgn0263982
OG0013759	FBgn0085196
OG0013789	FBgn0085249
OG0013807	FBgn0262611
OG0013818	FBgn0085336
OG0013819	FBgn0287211
OG0013820	FBgn0263249
OG0013830	FBgn0260223
OG0013832	FBgn0262817
OG0013837	FBgn0263114
OG0013838	FBgn0262569
OG0013847	FBgn0262528
OG0013864	FBgn0086782
OG0013886	FBgn0031178
OG0013941	FBgn0286932
OG0013959	FBgn0283440
OG0013962	FBgn0039585
OG0013975	FBgn0052811
OG0014128	FBgn0053293
OG0014129	FBgn0015331
OG0014130	FBgn0051648
OG0014131	FBgn0051915
OG0014132	FBgn0051642
OG0014133	FBgn0015583
OG0014135	FBgn0051867
OG0014136	FBgn0032436
OG0014139	FBgn0032639
OG0014141	FBgn0051697
OG0014143	FBgn0004174
OG0014147	FBgn0051262
OG0014148	FBgn0025571
OG0014149	FBgn0039053
OG0014151	FBgn0002863
OG0014152	FBgn0039167
OG0014158	FBgn0039626
OG0014160	FBgn0034377
OG0014161	FBgn0029880
OG0014163	FBgn0034671
OG0014167	FBgn0050480
OG0014168	FBgn0050479
OG0014169	FBgn0033928
OG0014170	FBgn0033926
OG0014171	FBgn0033863
OG0014172	FBgn0050062
OG0014175	FBgn0033164
OG0014177	FBgn0053062
OG0014178	FBgn0003372
OG0014179	FBgn0003741
OG0014182	FBgn0053648
OG0014184	FBgn0050056
OG0014185	FBgn0053926
OG0014188	FBgn0053971
OG0014190	FBgn0058470
OG0014191	FBgn0046323
OG0014192	FBgn0032631
OG0014193	FBgn0085200
OG0014194	FBgn0085202
OG0014195	FBgn0085242
OG0014196	FBgn0085292
OG0014197	FBgn0085324
OG0014198	FBgn0085466
OG0014199	FBgn0250822
OG0014201	FBgn0259198
OG0014202	FBgn0259709
OG0014203	FBgn0259950
OG0014204	FBgn0259959
OG0014205	FBgn0259965
OG0014206	FBgn0259968
OG0014207	FBgn0259972
OG0014208	FBgn0259975
OG0014209	FBgn0260027
OG0014211	FBgn0260713
OG0014212	FBgn0260758
OG0014214	FBgn0261055
OG0014215	FBgn0261059
OG0014217	FBgn0261536
OG0014218	FBgn0261581
OG0014219	FBgn0261582
OG0014220	FBgn0261616
OG0014221	FBgn0261631
OG0014222	FBgn0261634
OG0014223	FBgn0261790
OG0014224	FBgn0261832
OG0014226	FBgn0261847
OG0014227	FBgn0261997
OG0014228	FBgn0262021
OG0014229	FBgn0262022
OG0014230	FBgn0262024
OG0014231	FBgn0262030
OG0014232	FBgn0262036
OG0014233	FBgn0262146
OG0014234	FBgn0262150
OG0014235	FBgn0262356
OG0014236	FBgn0262358
OG0014237	FBgn0262361
OG0014238	FBgn0262362
OG0014239	FBgn0262480
OG0014240	FBgn0262486
OG0014241	FBgn0262531
OG0014242	FBgn0262539
OG0014243	FBgn0262570
OG0014244	FBgn0262587
OG0014244	FBgn0262588
OG0014245	FBgn0262623
OG0014246	FBgn0262686
OG0014247	FBgn0262791
OG0014248	FBgn0262807
OG0014249	FBgn0262808
OG0014250	FBgn0262813
OG0014251	FBgn0262814
OG0014252	FBgn0262840
OG0014253	FBgn0262877
OG0014254	FBgn0262878
OG0014255	FBgn0262890
OG0014256	FBgn0262893
OG0014257	FBgn0262899
OG0014258	FBgn0262962
OG0014259	FBgn0262980
OG0014260	FBgn0263037
OG0014261	FBgn0263080
OG0014262	FBgn0263082
OG0014263	FBgn0263087
OG0014265	FBgn0263320
OG0014266	FBgn0263321
OG0014267	FBgn0263326
OG0014268	FBgn0263400
OG0014269	FBgn0263403
OG0014270	FBgn0016762
OG0014271	FBgn0034899
OG0014272	FBgn0034935
OG0014274	FBgn0263762
OG0014276	FBgn0263983
OG0014279	FBgn0264081
OG0014280	FBgn0264341
OG0014281	FBgn0264393
OG0014283	FBgn0264541
OG0014284	FBgn0264546
OG0014285	FBgn0264563
OG0014286	FBgn0264725
OG0014287	FBgn0264911
OG0014288	FBgn0265041
OG0014289	FBgn0265084
OG0014290	FBgn0265138
OG0014292	FBgn0265579
OG0014293	FBgn0265669
OG0014294	FBgn0266171
OG0014295	FBgn0266433
OG0014296	FBgn0266454
OG0014297	FBgn0266459
OG0014299	FBgn0267104
OG0014300	FBgn0267726
OG0014301	FBgn0267905
OG0014301	FBgn0267903
OG0014301	FBgn0267904
OG0014303	FBgn0284081
OG0014304	FBgn0284235
OG0014307	FBgn0286872
OG0014308	FBgn0286876
OG0014309	FBgn0287187
OG0014311	FBgn0260480
OG0014312	FBgn0035421
OG0014314	FBgn0046793
OG0014315	FBgn0030577
OG0014317	FBgn0030753
OG0014318	FBgn0030937
OG0014320	FBgn0052847
OG0014322	FBgn0052073
OG0014323	FBgn0040290
OG0014324	FBgn0035626
OG0014325	FBgn0031617
OG0014328	FBgn0040104
OG0014330	FBgn0031295
OG0014331	FBgn0031273
OG0014332	FBgn0015621
OG0014333	FBgn0053127
OG0014587	FBgn0047000
OG0014737	FBgn0085227
OG0014990	FBgn0003374
OG0014991	FBgn0010295
OG0014994	FBgn0053285
OG0014997	FBgn0260481
OG0015001	FBgn0031844
OG0015010	FBgn0051864
OG0015011	FBgn0051861
OG0015013	FBgn0053310
OG0015014	FBgn0028862
OG0015021	FBgn0004175
OG0015024	FBgn0053105
OG0015032	FBgn0051230
OG0015037	FBgn0011725
OG0015038	FBgn0011669
OG0015039	FBgn0011670
OG0015046	FBgn0034251
OG0015050	FBgn0030202
OG0015058	FBgn0033864
OG0015078	FBgn0021738
OG0015079	FBgn0053300
OG0015080	FBgn0030764
OG0015090	FBgn0053648
OG0015093	FBgn0067905
OG0015095	FBgn0013674
OG0015097	FBgn0058298
OG0015098	FBgn0083936
OG0015099	FBgn0083991
OG0015102	FBgn0085287
OG0015103	FBgn0085337
OG0015104	FBgn0085357
OG0015105	FBgn0085465
OG0015106	FBgn0085468
OG0015107	FBgn0085479
OG0015110	FBgn0250831
OG0015113	FBgn0259705
OG0015114	FBgn0259710
OG0015115	FBgn0259733
OG0015116	FBgn0259737
OG0015117	FBgn0259738
OG0015118	FBgn0259949
OG0015119	FBgn0259951
OG0015120	FBgn0259953
OG0015121	FBgn0259955
OG0015122	FBgn0259956
OG0015123	FBgn0259957
OG0015124	FBgn0259960
OG0015125	FBgn0259961
OG0015126	FBgn0259963
OG0015126	FBgn0265349
OG0015127	FBgn0259964
OG0015128	FBgn0259966
OG0015129	FBgn0259969
OG0015130	FBgn0259974
OG0015132	FBgn0260224
OG0015133	FBgn0260396
OG0015134	FBgn0260644
OG0015136	FBgn0261054
OG0015137	FBgn0261057
OG0015138	FBgn0261061
OG0015140	FBgn0261501
OG0015141	FBgn0261507
OG0015142	FBgn0261508
OG0015143	FBgn0261567
OG0015144	FBgn0261568
OG0015146	FBgn0261581
OG0015147	FBgn0261584
OG0015149	FBgn0261615
OG0015153	FBgn0261628
OG0015154	FBgn0261633
OG0015155	FBgn0261635
OG0015157	FBgn0261679
OG0015158	FBgn0261807
OG0015159	FBgn0261816
OG0015160	FBgn0261817
OG0015161	FBgn0261830
OG0015162	FBgn0261831
OG0015163	FBgn0261832
OG0015164	FBgn0261834
OG0015165	FBgn0261842
OG0015166	FBgn0261849
OG0015167	FBgn0261853
OG0015168	FBgn0261975
OG0015169	FBgn0262006
OG0015170	FBgn0262017
OG0015171	FBgn0262020
OG0015173	FBgn0262099
OG0015175	FBgn0262141
OG0015176	FBgn0262144
OG0015177	FBgn0262170
OG0015178	FBgn0262364
OG0015179	FBgn0262482
OG0015180	FBgn0262529
OG0015181	FBgn0262530
OG0015182	FBgn0262537
OG0015183	FBgn0262538
OG0015184	FBgn0262540
OG0015185	FBgn0262541
OG0015186	FBgn0262547
OG0015187	FBgn0262574
OG0015188	FBgn0262580
OG0015189	FBgn0262607
OG0015190	FBgn0262609
OG0015191	FBgn0262621
OG0015192	FBgn0262721
OG0015193	FBgn0262731
OG0015194	FBgn0262794
OG0015195	FBgn0262839
OG0015196	FBgn0262844
OG0015197	FBgn0262845
OG0015199	FBgn0262875
OG0015200	FBgn0262876
OG0015201	FBgn0262880
OG0015202	FBgn0262881
OG0015203	FBgn0262882
OG0015204	FBgn0262891
OG0015205	FBgn0262894
OG0015206	FBgn0262948
OG0015207	FBgn0262962
OG0015208	FBgn0262988
OG0015209	FBgn0262999
OG0015210	FBgn0263046
OG0015212	FBgn0263083
OG0015213	FBgn0263094
OG0015213	FBgn0263086
OG0015216	FBgn0263246
OG0015217	FBgn0263270
OG0015218	FBgn0263322
OG0015220	FBgn0263386
OG0015221	FBgn0263399
OG0015222	FBgn0263401
OG0015223	FBgn0263402
OG0015224	FBgn0263404
OG0015232	FBgn0263621
OG0015233	FBgn0263655
OG0015234	FBgn0263656
OG0015235	FBgn0263760
OG0015236	FBgn0263761
OG0015237	FBgn0263763
OG0015239	FBgn0263777
OG0015240	FBgn0263842
OG0015241	FBgn0263850
OG0015244	FBgn0264260
OG0015245	FBgn0264329
OG0015246	FBgn0264342
OG0015247	FBgn0264343
OG0015248	FBgn0264361
OG0015249	FBgn0264362
OG0015250	FBgn0264363
OG0015251	FBgn0264377
OG0015252	FBgn0264472
OG0015253	FBgn0264478
OG0015254	FBgn0264487
OG0015255	FBgn0264516
OG0015256	FBgn0264552
OG0015259	FBgn0264566
OG0015260	FBgn0264696
OG0015261	FBgn0264714
OG0015263	FBgn0264829
OG0015264	FBgn0264830
OG0015265	FBgn0264899
OG0015266	FBgn0264911
OG0015268	FBgn0264988
OG0015269	FBgn0265063
OG0015270	FBgn0265146
OG0015271	FBgn0265158
OG0015279	FBgn0265197
OG0015280	FBgn0265199
OG0015281	FBgn0265256
OG0015282	FBgn0265317
OG0015283	FBgn0265455
OG0015284	FBgn0265535
OG0015285	FBgn0265576
OG0015286	FBgn0266405
OG0015286	FBgn0265577
OG0015287	FBgn0265610
OG0015288	FBgn0265631
OG0015289	FBgn0265632
OG0015290	FBgn0265670
OG0015291	FBgn0265714
OG0015292	FBgn0265762
OG0015293	FBgn0265785
OG0015294	FBgn0265833
OG0015295	FBgn0265834
OG0015296	FBgn0266050
OG0015297	FBgn0266163
OG0015298	FBgn0266259
OG0015299	FBgn0266261
OG0015301	FBgn0266486
OG0015302	FBgn0266487
OG0015303	FBgn0266534
OG0015304	FBgn0266538
OG0015305	FBgn0266539
OG0015307	FBgn0266710
OG0015308	FBgn0266734
OG0015309	FBgn0266745
OG0015310	FBgn0267106
OG0015311	FBgn0267163
OG0015312	FBgn0267236
OG0015313	FBgn0267489
OG0015314	FBgn0267648
OG0015315	FBgn0267650
OG0015316	FBgn0267652
OG0015317	FBgn0267690
OG0015320	FBgn0278600
OG0015323	FBgn0284083
OG0015324	FBgn0284228
OG0015325	FBgn0284231
OG0015326	FBgn0284237
OG0015327	FBgn0286931
OG0015329	FBgn0287187
OG0015330	FBgn0287212
OG0015331	FBgn0287213
OG0015332	FBgn0287587
OG0015333	FBgn0288748
OG0015335	FBgn0052313
OG0015339	FBgn0030307
OG0015345	FBgn0030830
OG0015352	FBgn0052188
OG0015352	FBgn0052189
OG0015353	FBgn0036419
OG0015357	FBgn0052026
OG0015361	FBgn0052371
OG0015362	FBgn0026323
